STATE,CITY,LATITUDE,LONGITUDE
Delhi,Delhi,28.61,77.23
Maharashtra,Mumbai,19.0761,72.8775
West Bengal,Kolkata,22.5675,88.37
Karnataka,Bangalore,12.9789,77.5917
Tamil Nadu,Chennai,13.0825,80.275
Telangana,Hyderabad,17.3617,78.4747
Maharashtra,Pune,18.5203,73.8567
Gujarat,Ahmedabad,23.0225,72.5714
Gujarat,Surat,21.1702,72.8311
Uttar Pradesh,Lucknow,26.85,80.95
Rajasthan,Jaipur,26.9,75.8
Uttar Pradesh,Kanpur,26.4499,80.3319
Uttar Pradesh,Mirzapur,25.146,82.569
Maharashtra,Nagpur,21.1497,79.0806
Uttar Pradesh,Ghaziabad,28.67,77.42
Bihar,Supaul,26.126,86.605
Gujarat,Vadodara,22.3,73.2
Gujarat,Rajkot,22.3,70.7833
Andhra Pradesh,Vishakhapatnam,17.7042,83.2978
Madhya Pradesh,Indore,22.7167,75.8472
Maharashtra,Thane,19.1972,72.9722
Madhya Pradesh,Bhopal,23.2599,77.4126
Maharashtra,Pimpri-Chinchwad,18.6186,73.8037
Bihar,Patna,25.594,85.1376
Chattisgarh,Bilaspur,22.09,82.15
Punjab,Ludhiana,30.91,75.85
Uttar Pradesh,Agra,27.18,78.02
Tamil Nadu,Madurai,9.9252,78.1198
Jharkhand,Jamshedpur,22.7925,86.1842
Uttar Pradesh,Prayagraj,25.4358,81.8464
Maharashtra,Nasik,19.9975,73.7898
Haryana,Faridabad,28.4211,77.3078
Uttar Pradesh,Meerut,28.98,77.71
Madhya Pradesh,Jabalpur,23.1667,79.9333
Maharashtra,Kalyan,19.2502,73.1602
Maharashtra,Vasai-Virar,19.3607,72.7956
Delhi,Najafgarh,28.6092,76.9798
Uttar Pradesh,Varanasi,25.3189,83.0128
Jammu and Kashmir,Srinagar,34.09,74.79
Maharashtra,Aurangabad,19.88,75.32
Jharkhand,Dhanbad,23.7998,86.4305
Punjab,Amritsar,31.64,74.86
Uttar Pradesh,Aligarh,27.88,78.08
Assam,Guwahati,26.1722,91.7458
West Bengal,Haora,22.58,88.3294
Jharkhand,Ranchi,23.36,85.33
Madhya Pradesh,Gwalior,26.2124,78.1772
Chandigarh,Chandigarh,30.75,76.78
Uttarakhand,Haldwani,29.22,79.52
Andhra Pradesh,Vijayawada,16.5193,80.6305
Rajasthan,Jodhpur,26.28,73.02
Chattisgarh,Raipur,21.2444,81.6306
Rajasthan,Kota,25.18,75.83
Uttar Pradesh,Bareilly,28.364,79.415
Tamil Nadu,Coimbatore,11.0167,76.9556
Maharashtra,Solapur,17.68,75.92
Karnataka,Hubli,15.3502,75.1376
Tamil Nadu,Trichinopoly,10.7903,78.7047
Uttar Pradesh,Moradabad,28.8319,78.7764
Tamil Nadu,Tiruppur,11.1085,77.3411
Haryana,Gurgaon,28.456,77.029
Punjab,Jalandhar,31.2569,75.4432
Odisha,Bhubaneshwar,20.2644,85.8281
Maharashtra,Bhayandar,19.29,72.85
Punjab,Patiala,30.34,76.38
Uttar Pradesh,Shishgarh,28.72,79.32
Kerala,Thiruvananthapuram,8.5241,76.9366
Maharashtra,Bhiwandi,19.2967,73.0631
Uttar Pradesh,Saharanpur,29.964,77.546
Telangana,Warangal,17.9689,79.5941
West Bengal,Shiliguri,26.71,88.43
Tamil Nadu,Salem,11.65,78.15
Kerala,Kochi,9.9312,76.2673
Maharashtra,Dhulia,20.8997,74.7697
Uttar Pradesh,Gorakhpur,26.7637,83.4039
Andhra Pradesh,Guntur,16.3008,80.4428
West Bengal,Bhangar,22.58,88.42
Delhi,Narela,28.8527,77.0929
Assam,Karaikandi,24.8309,92.6143
Gujarat,Bhavnagar,21.76,72.15
Uttar Pradesh,Noida,28.57,77.32
Chattisgarh,Bhilai,21.21,81.38
Karnataka,Mangalore,12.8681,74.8425
Bihar,Bihta,25.5619,84.87
Odisha,Cuttack,20.5236,85.7881
Uttar Pradesh,Salimpur,26.3,83.9167
Odisha,Raurkela,22.2492,84.8828
Karnataka,Tumkur,13.34,77.1
Tamil Nadu,Tenkasi,8.9564,77.3152
Uttarakhand,Dehra Dun,30.345,78.029
Kerala,Kottayam,9.5916,76.5222
West Bengal,Durgapur,23.55,87.32
West Bengal,Asansol,23.68,86.99
Jharkhand,Bokaro Steel City,23.67,86.15
Maharashtra,Kolhapur,16.6917,74.2333
Chattisgarh,Nava Raipur,21.161,81.787
Rajasthan,Ajmer,26.4499,74.6399
Maharashtra,Nanded,19.15,77.3
Maharashtra,Amravati,20.9258,77.7647
Andhra Pradesh,Nellore,14.45,79.99
Assam,Dispur,26.1397,91.7925
Karnataka,Gulbarga,17.329,76.825
Rajasthan,Bikaner,28.0181,73.3169
Tamil Nadu,Nagercoil,8.175,77.4306
Tripura,Agartala,23.8314,91.2869
Uttar Pradesh,Loni,28.75,77.28
Madhya Pradesh,Ujjain,23.17,75.79
Rajasthan,Bhilwara,25.35,74.63
Uttar Pradesh,Jhansi,25.4486,78.5696
Maharashtra,Ulhasnagar,19.22,73.15
Tamil Nadu,Vellore,12.9165,79.1325
Jammu and Kashmir,Jammu,32.73,74.87
Bihar,Purnea,25.778,87.476
Karnataka,Belgaum,15.85,74.5
Maharashtra,Malegaon,20.55,74.55
Gujarat,Jamnagar,22.47,70.07
Gujarat,Bardoli,21.12,73.12
Bihar,Gaya,24.75,85.01
Tamil Nadu,Ambattur,13.1143,80.1548
Maharashtra,Jalgaon,21.004,75.568
Madhya Pradesh,Chhatarpur,24.55,79.3527
Andhra Pradesh,Kurnool,15.83,78.05
Rajasthan,Udaipur,24.58,73.68
Uttar Pradesh,Mathura,27.4924,77.6737
Maharashtra,Sangli,16.853,74.583
Karnataka,Davangere,14.4666,75.9242
Kerala,Calicut,11.2588,75.7804
Maharashtra,Baramati,18.15,74.58
Bihar,Mothihari,26.65,84.9167
Maharashtra,Akola,20.7,77
Bihar,Bettiah,26.8014,84.5028
Karnataka,Shorapur,16.52,76.76
Tamil Nadu,Tinnevelly,8.7136,77.7567
Karnataka,Bellary,15.1,76.9167
Bihar,Bhagalpur,25.25,87
Punjab,Padiala,30.802,76.593
Delhi,Delhi Cantonment,28.6,77.1333
West Bengal,Salt Lake City,22.61,88.4
Madhya Pradesh,Etawa,24.18,78.2
Haryana,Sonipat,28.99,77.022
Kerala,Quilon,8.8932,76.6141
Kerala,Mulangodi,9,76.6167
Kerala,Munro Turuttu,9,76.6167
Uttar Pradesh,Bairia,25.7583,84.1489
West Bengal,Bhatpara,22.87,88.41
Telangana,Kukatpalli,17.4849,78.4138
Maharashtra,Sirur,18.83,74.38
Andhra Pradesh,Kakinada,16.9661,82.255
West Bengal,Panihati,22.69,88.37
Haryana,Rohtak,28.8909,76.5796
Punjab,Maler Kotla,30.5167,75.8833
Chattisgarh,Kolga,22.35,82.68
Chattisgarh,Korba,22.3458,82.6963
Rajasthan,Sikar,27.62,75.15
Tamil Nadu,Karur,10.9601,78.0766
Bihar,Sasaram,24.95,84.03
Haryana,Karnal,29.686,76.989
Odisha,Brahmapur,19.315,84.7941
Maharashtra,Chanda,19.95,79.3
Maharashtra,Ahmadnagar,19.08,74.73
Karnataka,Dasarhalli,13.0465,77.513
Uttar Pradesh,Shahjanpur,27.88,79.91
Tamil Nadu,Alamadi,13.1097,80.0972
Tamil Nadu,Avadi,13.1147,80.1098
Karnataka,Khanapur,15.6394,74.5083
Tamil Nadu,Hosur,12.7409,77.8253
Andhra Pradesh,Cuddapah,14.47,78.82
Andhra Pradesh,Rajahmundry,16.98,81.78
Rajasthan,Alwar,27.5498,76.6355
Odisha,Sambalpur,21.47,83.97
Bihar,Muzaffarpur,26.1225,85.3906
West Bengal,Kamarhati,22.6686,88.3704
Uttar Pradesh,Campiernagar,27.029,83.2668
Karnataka,Bijapur,16.83,75.71
Gujarat,Tharad,24.3926,71.6248
Maharashtra,Ratnagiri,16.9944,73.3
Uttar Pradesh,Rampur,28.8,79
Karnataka,Shimoga,13.9333,75.5667
Uttarakhand,Kashipur,29.22,78.95
Gujarat,Junagadh,21.5222,70.4579
Uttar Pradesh,Hapur,28.7309,77.7757
Kerala,Trichur,10.5276,76.2144
West Bengal,Barddhaman,23.2333,87.8667
Maharashtra,Panvel,18.9944,73.1139
Telangana,Nizamabad,18.672,78.094
Maharashtra,Parbhani,19.27,76.78
Haryana,Hisar,29.15,75.7
Rajasthan,Fatehpur,27.98,74.95
Tamil Nadu,Oulgaret,11.957,79.7737
West Bengal,Ingraj Bazar,25.0119,88.1433
Odisha,Bada Barabil,22.12,85.4
Karnataka,Dod Ballapur,13.292,77.543
Bihar,Bihar,25.197,85.518
Bihar,Darbhanga,26.17,85.9
Uttar Pradesh,Sikandarabad,28.4512,77.6955
Haryana,Panipat,29.3875,76.97
Mizoram,Aizawl,23.7272,92.7178
West Bengal,Bali,22.65,88.34
Tamil Nadu,Palni,10.45,77.5161
Bihar,Surajgarha,25.25,86.23
Telangana,Karimnagar,18.4386,79.1288
Madhya Pradesh,Dewas,22.96,76.06
West Bengal,Hugli,22.9,88.39
West Bengal,Chunchura,22.9,88.39
Bihar,Sonpur,25.7,85.18
Maharashtra,Ichalkaranji,16.7,74.47
Andhra Pradesh,Tirupati,13.65,79.42
Punjab,Bhatinda,30.23,74.9519
Maharashtra,Jalna,19.8333,75.8833
Madhya Pradesh,Satna,24.6005,80.8322
Madhya Pradesh,Sannai,24.1582,80.751
Uttar Pradesh,Mau,25.9417,83.5611
West Bengal,Barasat,22.72,88.48
Uttar Pradesh,Farrukhabad,27.39,79.581
Madhya Pradesh,Saugor,23.83,78.71
Madhya Pradesh,Ratlam,23.334,75.037
Maharashtra,Chopda,21.25,75.3
Jammu and Kashmir,Handwara,34.3997,74.2817
Chattisgarh,Drug,21.19,81.28
Andhra Pradesh,Anantapur,14.68,77.599
Manipur,Imphal,24.8074,93.9384
Chattisgarh,Jagdalpur,19.18,81.92
Bihar,Arrah,25.5514,84.6603
Uttar Pradesh,Etawah,26.77,79.03
Telangana,Malkajgiri,17.4519,78.5362
Andhra Pradesh,Tuni,17.35,82.55
Gujarat,Rapar,23.57,70.63
Bihar,Samastipur,25.8629,85.7811
Rajasthan,Bharatpur,27.22,77.48
Bihar,Begusarai,25.42,86.13
Odisha,Junagarh,19.8599,82.9338
Kerala,Nedumana,8.9139,76.6889
Delhi,New Delhi,28.6139,77.2089
Tamil Nadu,Tiruvottiyur,13.16,80.3
Bihar,Ramnagar,27.17,84.32
Gujarat,Gandhidham,23.08,70.13
Rajasthan,Salumbar,24.08,74.02
Karnataka,Krishnarajpur,13.012,77.6951
Karnataka,Nelamangala,13.102,77.374
Puducherry,Puducherry,11.9167,79.8167
Telangana,Ramgundam,18.7639,79.475
Gujarat,Palanpur,24.1722,72.4333
Maharashtra,Pandharpur,17.6778,75.3278
Bihar,Masaurhi Buzurg,25.35,85.02
Bihar,Katihar,25.53,87.58
Karnataka,Byatarayanpur,13.0659,77.5922
Rajasthan,Ahor,25.367,72.783
Tamil Nadu,Tuticorin,8.7642,78.1348
Rajasthan,Ganganagar,29.92,73.88
Assam,Tinkhang,27.23,95.17
Madhya Pradesh,Rewa,24.53,81.3
West Bengal,Uluberiya,22.47,88.11
Uttar Pradesh,Bulandshahr,28.4069,77.8497
Uttar Pradesh,Chauhanpatti,25.15,82.6
Kerala,Cannanore,11.8745,75.3704
Karnataka,Raichur,16.2,77.37
Andhra Pradesh,Machilipatnam,16.17,81.13
Rajasthan,Pali,25.77,73.33
Gujarat,Songadh,21.167,73.564
Telangana,Gadda Madiral,18.7519,79.5133
Telangana,Mirialguda,16.8667,79.5833
Uttarakhand,Haridwar,29.945,78.163
Andhra Pradesh,Vizianagaram,18.1159,83.406
Rajasthan,Raisinghnagar,29.5342,73.4477
Maharashtra,Pathardi,19.17,75.18
Tamil Nadu,Mel Palaiyam,8.7,77.7069
Uttarakhand,Khatima,28.92,79.97
Gujarat,Petlad,22.47,72.8
Gujarat,Nadiad,22.69,72.86
Tamil Nadu,Tanjore,10.787,79.1378
Uttarakhand,Kichha,28.92,79.5
Madhya Pradesh,Katri,23.48,80.4
Bihar,Dagarua,25.8,87.64
Uttar Pradesh,Sambhal,28.58,78.55
Madhya Pradesh,Singrauliya,24.202,82.666
West Bengal,Naihati,22.89,88.42
Gujarat,Porbandar,21.6417,69.6293
Haryana,Yamunanagar,30.133,77.288
Tamil Nadu,Pallavaram,12.9675,80.1491
Madhya Pradesh,Khargone,21.82,75.6187
Telangana,Secunderabad,17.4399,78.4983
Gujarat,Bhuj,23.25,69.67
Bihar,Monghyr,25.381,86.465
Bihar,Chapra,25.7848,84.7274
Karnataka,Bhadravati,13.8485,75.705
Haryana,Panchkula,30.74,76.8
Madhya Pradesh,Burhanpur,21.3114,76.2289
Himachal Pradesh,Kiratot,32.8376,76.2296
Telangana,Kapra,17.4859,78.5651
Haryana,Ambala,30.38,76.78
West Bengal,Kharagpur,22.3302,87.3237
Karnataka,Robertsonpet,12.9563,78.2754
Tamil Nadu,Dindigul,10.35,77.95
Rajasthan,Raniwara Kalan,24.75,72.2167
Himachal Pradesh,Shimla,31.1033,77.1722
Karnataka,Hospet,15.2689,76.3909
West Bengal,Maldah,25.0044,88.1458
Andhra Pradesh,Ongole,15.506,80.049
Karnataka,Betigeri,15.443,75.6442
Andhra Pradesh,Kodumur,15.6833,77.7833
Andhra Pradesh,Ellore,16.7117,81.1031
Jharkhand,Deoghar,24.48,86.7
Madhya Pradesh,Chhindwara,22.057,78.9396
Telangana,Lingampalli,17.4865,78.317
Bihar,Mokameh,25.3898,85.9191
Odisha,Puri,19.8,85.8167
West Bengal,Haldia,22.0667,88.0698
Madhya Pradesh,Khandwa,21.82,76.35
Andhra Pradesh,Nandyal,15.48,78.48
Andhra Pradesh,Pulimaddi,15.5386,78.4613
Madhya Pradesh,Morena,26.5,78
Maharashtra,Karjat,18.55,75
Jammu and Kashmir,Drabar,33.43,75.09
Uttar Pradesh,Amroha,28.9044,78.4675
Kerala,Rani,9.3667,76.7667
Jharkhand,Chakradharpur,22.7,85.63
Haryana,Bhiwani,28.78,76.13
Madhya Pradesh,Bhind,26.5587,78.7871
Telangana,Khammam,17.2473,80.1514
West Bengal,Madhyamgram,22.7,88.45
Gujarat,Ghandinagar,23.2231,72.65
West Bengal,Baharampur,24.1,88.25
Gujarat,Morbi,22.82,70.83
Madhya Pradesh,Pandhurna,21.6,78.52
Uttar Pradesh,Fatehpur,25.93,80.8
Uttar Pradesh,Rae Bareli,26.2236,81.2403
Dadra and Nagar Haveli and Daman and Diu,Daman,20.42,72.85
Uttar Pradesh,Orai,25.98,79.47
Telangana,Mahbubnagar,16.7488,78.0035
Uttar Pradesh,Murtazabad,28.7111,77.2688
Telangana,Rajendranagar,17.3198,78.4031
Gujarat,Ratanpur,23.0851,72.5716
Maharashtra,Bhusaval,21.05,75.77
Uttar Pradesh,Bahraigh,27.575,81.594
Gujarat,Umreth,22.6986,73.1156
Kerala,Ittikara,8.8633,76.6972
Gujarat,Mahesana,23.6,72.4
West Bengal,Raiganj,25.62,88.12
Punjab,Batala,31.8186,75.2028
Haryana,Sirsa,29.5333,75.0167
Maharashtra,Morsi,21.318,78.0095
Bihar,Dinapore,25.6225,85.0417
Tamil Nadu,Tambaram,12.831,80.0459
Tamil Nadu,Karaikkudi,10.0735,78.7732
West Bengal,Shrirampur,22.75,88.34
Gujarat,Himatnagar,23.6,72.95
Madhya Pradesh,Guna,24.65,77.32
Bihar,Nawada,24.88,85.53
Uttar Pradesh,Jaunpur,25.73,82.68
Maharashtra,Mahad,18.083,73.417
Andhra Pradesh,Madanapalle,13.55,78.5
Telangana,Wadlakonda,17.7736,79.575
Gujarat,Bhachau,23.296,70.343
Madhya Pradesh,Shivpuri,25.43,77.65
Maharashtra,Satara,17.688,74.006
Punjab,Phillaur,31.03,75.78
Uttar Pradesh,Unnao,26.55,80.49
Uttar Pradesh,Sitapur,27.57,80.66
Maharashtra,Kalamboli,19.2333,73.1333
Madhya Pradesh,Waraseoni,21.7647,80.0494
Punjab,Mauli,30.699,76.693
Bihar,Harnaut,25.3694,85.5319
West Bengal,Navadwip,23.42,88.37
Uttarakhand,Kotdwara,29.75,78.53
Uttar Pradesh,Pilibhit,28.6267,79.8058
Kerala,Alleppey,9.49,76.33
Tamil Nadu,Cuddalore,11.75,79.75
Gujarat,Gondal,21.958,70.795
Bihar,Deo,24.6561,84.4356
Assam,Silchar,24.82,92.8
Andhra Pradesh,Chirala,15.8246,80.3521
Karnataka,Gadag,15.4167,75.6167
Tamil Nadu,Tiruvannamalai,12.13,79.07
Karnataka,Bidar,17.912,77.52
Punjab,Jalalabad,30.62,74.25
Gujarat,Nawsari,20.95,72.93
Gujarat,Valsad,20.61,72.926
West Bengal,Medinipur,22.424,87.319
Madhya Pradesh,Damoh,23.8331,79.4419
Punjab,Haripur,31.53,75.92
Tamil Nadu,Neyveli,11.6088,79.4994
Jammu and Kashmir,Baramula,34.198,74.364
Maharashtra,Malkapur,20.885,76.2
Haryana,Jind,29.3167,76.3167
West Bengal,Chandannagar,22.87,88.38
Andhra Pradesh,Adoni,15.6279,77.2749
Andhra Pradesh,Alasandigutta,15.6244,77.2731
Karnataka,Udipi,13.3389,74.7451
Uttar Pradesh,Fyzabad,26.773,82.146
Rajasthan,Sawai Madhopur,26,76.35
Andhra Pradesh,Tenali,16.239,80.645
Tamil Nadu,Conjeeveram,12.8185,79.6947
Bihar,Madhubani,26.3519,86.0719
Andhra Pradesh,Proddatur,14.75,78.55
Delhi,Sultanpur Mazra,28.6981,77.0689
Gujarat,Wapi,20.372,72.917
Gujarat,Godhra,22.7772,73.6203
Madhya Pradesh,Multai,21.77,78.25
Tamil Nadu,Rajapalaiyam,9.4204,77.58
Mizoram,Pangzawl,22.91,92.76
Andhra Pradesh,Chittoor,13.216,79.098
Tamil Nadu,Sivakasi,9.4533,77.8024
Punjab,Moga,30.822,75.174
Uttar Pradesh,Budaun,28.05,79.12
West Bengal,Uttarpara,22.67,88.35
Jharkhand,Daltonganj,24.03,84.07
Gujarat,Bharuch,21.712,72.993
Bihar,Saharsa,25.88,86.6
Madhya Pradesh,Vidisha,23.53,77.82
Punjab,Pathankot,32.2668,75.6
Assam,Nowgong,26.3504,92.6796
Haryana,Thanesar,29.9667,76.8167
Rajasthan,Kishangarh,26.57,74.87
Uttarakhand,Rudarpur,28.98,79.4
Uttar Pradesh,Tindwara,25.4833,80.3333
Telangana,Nalgonda,17.05,79.27
Chattisgarh,Ambikapur,23.12,83.2
Assam,Dibrugarh,27.48,95
Gujarat,Veraval,20.9159,70.3629
Madhya Pradesh,Betul Bazar,21.905,77.902
West Bengal,Balurghat,25.22,88.76
Assam,Jorhat,26.75,94.22
West Bengal,Krishnanagar,23.4,88.5
West Bengal,Barakpur,22.76,88.37
West Bengal,Shantipur,23.25,88.43
Andhra Pradesh,Hindupur,13.83,77.49
Rajasthan,Beawar,26.1,74.32
Delhi,Bhalswa Jahangirpur,28.7354,77.1638
Tamil Nadu,Erode,11.3409,77.7171
Delhi,Nangloi Jat,28.6833,77.0667
Odisha,Soro,21.29,86.69
Andhra Pradesh,Nuzvid,16.7881,80.8465
Uttarakhand,Sitarganj,28.93,79.7
Bihar,Hajipur,25.6925,85.2084
West Bengal,Habra,22.83,88.63
Maharashtra,Bir,18.99,75.76
Gujarat,Amreli,21.6006,71.2164
Haryana,Narnaul,28.0444,76.1056
Karnataka,Chitaldrug,14.23,76.4
Uttar Pradesh,Etah,27.63,78.67
Punjab,Abohar,30.1334,74.2001
Haryana,Kaithal,29.8015,76.3998
Odisha,Balasore,21.5033,86.925
Kerala,Mallapalli,9.4461,76.6567
Jharkhand,Koiridih,24.18,86.3
Meghalaya,Shillong,25.5822,91.8944
Haryana,Rewari,28.1833,76.6167
Jharkhand,Hazaribagh,23.98,85.35
Andhra Pradesh,Bhimavaram,16.543,81.523
Madhya Pradesh,Mandsaur,24.03,75.08
Tamil Nadu,Villupuram,11.9401,79.4861
Uttar Pradesh,Harchandpur,26.36,81.17
Tamil Nadu,Kumbakonam,10.9602,79.3845
Odisha,Aul,20.67,86.64
Karnataka,Kolar,13.1333,78.1333
Andhra Pradesh,Chicacole,18.3,83.9
West Bengal,Bankura,23.25,87.07
Karnataka,Mandya,12.52,76.9
Bihar,Dehri,24.91,84.18
Bihar,Durgauti,25.2114,83.5308
Uttar Pradesh,Mainpuri,27.23,79.02
Tamil Nadu,Talaivasal,11.5867,78.7583
Gujarat,Disa,24.2501,72.1822
Chattisgarh,Raigarh,21.8974,83.395
Bihar,Siwan,26.22,84.36
Gujarat,Kalol,23.246,72.496
Karnataka,Hassan,13.012,76.068
Uttar Pradesh,Lalitpur,24.69,78.41
Maharashtra,Gondia,21.4598,80.195
Delhi,Dalupura,28.6004,77.3194
Madhya Pradesh,Naryai ka Puri,26.52,78.35
Haryana,Palwal,28.1447,77.3255
Kerala,Palghat,10.775,76.651
Tamil Nadu,Chittandikavundanur,10.6129,76.8508
Gujarat,Anand,22.556,72.951
Gujarat,Botad,22.17,71.67
Assam,Bongaigaon,26.4769,90.5583
Punjab,Mukerian,31.95,75.62
Rajasthan,Hanumangarh,29.58,74.32
Gujarat,Jetpur,21.7542,70.6222
Tamil Nadu,Arcot,12.9047,79.3238
West Bengal,Kanchrapara,22.9456,88.4332
Madhya Pradesh,Hoshangabad,22.7475,77.7274
Jharkhand,Chas,23.63,86.17
Punjab,Khanna,30.7,76.22
Madhya Pradesh,Nagda,23.4564,75.4131
Uttar Pradesh,Hardoi,27.42,80.12
Andhra Pradesh,Guntakal,15.17,77.38
Madhya Pradesh,Pithampur,22.6197,75.6933
Gujarat,Patan,23.85,72.125
West Bengal,Basirhat,22.6572,88.8942
West Bengal,Halisahar,22.9469,88.4184
Haryana,Jagadhri,30.168,77.301
Punjab,Sunam,30.13,75.8
West Bengal,Rishra,22.71,88.35
Odisha,Jharsugra,21.85,84.03
Madhya Pradesh,Pali,23.35,81.05
Maharashtra,Nandgaon,20.307,74.657
Telangana,Alwal,17.5047,78.5038
Nagaland,Dimapur,25.92,93.73
Telangana,Sarangapuram,18.9447,78.9936
Odisha,Bhadrakh,21.0545,86.5156
Andhra Pradesh,Dharmavaram,14.43,77.72
Tamil Nadu,Sivaganga,9.8433,78.4809
West Bengal,Puruliya,23.34,86.36
Uttar Pradesh,Ghazipur,25.58,83.57
Bihar,Bagaha,27.0992,84.09
Tamil Nadu,Gudiyattam,12.9476,78.87
Gujarat,Mahuva,21.0833,71.8
Punjab,Gurdaspur,32.0333,75.4
Odisha,Khurda,20.18,85.62
Rajasthan,Nokha,27.6,73.42
Andhra Pradesh,Jandrapeta,15.8246,80.3521
Manipur,Hengken,24.346,93.7
Karnataka,Yelahanka,13.1007,77.5963
West Bengal,Darjeeling,27.0375,88.2631
Jammu and Kashmir,Sopur,34.3,74.47
Karnataka,Chikmagalur,13.313,75.737
Andhra Pradesh,Gudivada,16.43,80.99
Punjab,Phagwara,31.22,75.77
Tamil Nadu,Pudukkottai,10.3833,78.8001
Telangana,Adilabad,19.6667,78.5333
Odisha,Baripada,21.94,86.72
Maharashtra,Yavatmal,20.24,78.06
West Bengal,Titagarh,22.74,88.37
Punjab,Barnala,30.37,75.54
Rajasthan,Chittaurgarh,24.88,74.63
Andhra Pradesh,Narasaraopet,16.236,80.0498
Tamil Nadu,Kovilpatti,9.1744,77.8688
Uttar Pradesh,Bijnor,29.37,78.13
West Bengal,Dam Dam,22.62,88.42
Tamil Nadu,Kaikkudi,9.893,78.7313
Odisha,Balangir,20.72,83.48
Maharashtra,Shegaon,20.7944,76.6944
Chattisgarh,Mahasamund,21.11,82.1
Punjab,Rajpura,30.484,76.594
Karnataka,Bagalkot,16.1817,75.6958
Maharashtra,Osmanabad,18.3194,76.0736
Uttar Pradesh,Kalianpur,26.5191,80.2498
Madhya Pradesh,Shujalpur,23.4,76.72
Jharkhand,Sahibganj,25.25,87.65
West Bengal,Champdani,22.802,88.346
Maharashtra,Nandurbar,21.37,74.25
Uttar Pradesh,Purwa Utar,26.068,83.184
Punjab,Muktsar,30.4743,74.5166
Punjab,Ferozepore,30.9166,74.6
Telangana,Mancheral,18.8714,79.4443
Madhya Pradesh,Sehore,23.2,77.08
West Bengal,Bangaon,23.07,88.82
Maharashtra,Khopoli,18.789,73.343
Jammu and Kashmir,Islamabad,33.7353,75.1478
West Bengal,Khardah,22.72,88.38
Chattisgarh,Mungeli,22.07,81.68
Andhra Pradesh,Tadpatri,14.92,78.02
Uttar Pradesh,Gharbara,28.47,77.51
Uttar Pradesh,Sultanpur,26.2583,82.0722
Uttar Pradesh,Shikohabad,27.1,78.6
West Bengal,Jalpaiguri,26.52,88.73
Uttar Pradesh,Shamli,29.45,77.32
Chattisgarh,Bhilai Karanja,21.2198,81.4575
Telangana,Suriapet,17.1415,79.6236
Maharashtra,Wardha,20.7417,78.6056
Karnataka,Ranibennur,14.6167,75.6167
Jammu and Kashmir,Barnoi,32.43,75.43
Bihar,Sitamarhi,26.6,85.48
West Bengal,Kishanganj,26.0794,87.9372
Rajasthan,Hindaun,26.74,77.03
Rajasthan,Semari,24.0555,73.8566
Karnataka,Gangawati,15.43,76.53
Uttar Pradesh,Nautanwa,27.43,83.42
Bihar,Jamalpur,25.3,86.5
Rajasthan,Makrana,27.0409,74.7273
Madhya Pradesh,Sheopur,25.67,76.7
Uttar Pradesh,Ballia,25.7604,84.1471
Andhra Pradesh,Tadepallegudem,16.815,81.526
West Bengal,Bansbaria,22.97,88.4
Rajasthan,Bundi,25.44,75.64
Andhra Pradesh,Amaravati,16.5131,80.5165
Tamil Nadu,Negapatam,10.7672,79.8449
Bihar,Buxar,25.5605,83.9805
Tamil Nadu,Kurichchi,10.9609,76.9738
Gujarat,Kheda,22.75,72.68
Assam,Tezpur,26.63,92.8
Himachal Pradesh,Sundarnagar,31.53,76.88
Madhya Pradesh,Seoni,22.08,79.53
Bihar,Aurangabad,24.7,84.35
Uttarakhand,Rishikesh,30.1083,78.2972
Punjab,Kapurthala,31.38,75.38
Chattisgarh,Dhamtari,20.71,81.55
Jharkhand,Raneswar,24.0311,87.4197
Odisha,Brajarajnagar,21.8167,83.9167
Rajasthan,Sujangarh,27.7,74.47
West Bengal,Bhadreswar,22.82,88.35
Andhra Pradesh,Chilakalurupet,16.0892,80.1672
Odisha,Jeypore,18.8563,82.5716
Maharashtra,Karanja,20.4833,77.4833
Chattisgarh,Chanwari,23.1917,82.3542
Andaman and Nicobar Islands,Port Blair,11.6683,92.7378
West Bengal,Kalyani,22.975,88.4344
Madhya Pradesh,Datia,25.67,78.47
Tamil Nadu,Madhavaram,13.1482,80.2314
Sikkim,Gangtok,27.33,88.62
Andhra Pradesh,Suramala,13.76,79.7
Karnataka,Navalyal,16.48,74.78
Rajasthan,Barod,27.8947,76.3681
Goa,Vasco Da Gama,15.3981,73.8111
Gujarat,Khambhaliya,22.2,69.65
Karnataka,Abbigeri,13.0767,77.525
Haryana,Kundli,28.99,77.022
Bihar,Luckeesarai,25.1678,86.0944
Tamil Nadu,Kadaiyanallur,9.0743,77.3419
Assam,Tinsukia,27.5,95.367
Kerala,Tellicherry,11.7481,75.4929
Madhya Pradesh,Itarsi,22.6115,77.7623
Nagaland,Kohima,25.67,94.1
Gujarat,Khambhat,22.3,72.62
Dadra and Nagar Haveli and Daman and Diu,Silvassa,20.2667,73.0167
Uttarakhand,Ramnagar,29.395,79.1264
Maharashtra,Deoni Buzurg,18.2639,77.0822
Andhra Pradesh,Kalluru,15.8344,78.0292
Tamil Nadu,Bodinayakkanur,10.0101,77.3511
Karnataka,Harihar,14.5129,75.8072
Uttar Pradesh,Bachhraon,28.93,78.22
Maharashtra,Amalner,21.05,75.05
Rajasthan,Sardarshahr,28.4401,74.4908
West Bengal,Dhulian,24.681,87.954
Tamil Nadu,Paramagudi,9.5494,78.5891
Punjab,Zerakpur,30.65,76.82
Uttar Pradesh,Tandwa,26.55,82.65
Tamil Nadu,Tiruchengodu,11.379,77.8949
Andhra Pradesh,Pedagadi,17.6615,83.2104
Uttar Pradesh,Nagina,29.443,78.433
West Bengal,Chakdaha,23.08,88.52
Karnataka,Closepet,12.723,77.286
Andhra Pradesh,Emmiganur,15.7333,77.4833
Andhra Pradesh,Yalamakuru,15.5103,77.5249
Tamil Nadu,Vaniyambadi,12.6825,78.6167
Tamil Nadu,Tiruttani,13.18,79.63
Jammu and Kashmir,Kangan,34.263,74.903
Uttar Pradesh,Bhadohi,25.42,82.57
Tamil Nadu,Allinagaram,10.0119,77.4786
Goa,Marmagao,15.4,73.8
Madhya Pradesh,Dhar,22.5972,75.3042
Maharashtra,Akot,21.1,77.06
West Bengal,Contai,21.78,87.75
Punjab,Kot Kapura,30.5833,74.9
Karnataka,Karwar,14.8,74.13
Gujarat,Mandvi,22.8333,69.3556
Andhra Pradesh,Rayachoti,14.0583,78.7517
Telangana,Paloncha,17.6018,80.7051
Rajasthan,Lachhmangarh Sikar,27.8225,75.0253
Odisha,Ramagiri Udayagiri,19.1619,84.144
Kerala,Ponnani,10.77,75.9
Jharkhand,Jamtara,23.9633,86.8014
Tamil Nadu,Pollachi,10.659,77.008
Andhra Pradesh,Kavali,14.913,79.9929
Karnataka,Sankeshwar,16.27,74.48
Andhra Pradesh,Kadiri,14.12,78.17
Jharkhand,Phusro,23.77,85.99
Uttar Pradesh,Kairana,29.3953,77.2053
Karnataka,Saundatti,15.7833,75.1167
Tamil Nadu,Rasipuram,11.47,78.17
Uttar Pradesh,Najibabad,29.6128,78.3425
Telangana,Nirmal,19.1,78.35
Maharashtra,Nirala,19.8143,78.1662
Tamil Nadu,Ootacamund,11.41,76.7
West Bengal,Jangipur,24.4691,88.1032
Punjab,Sangrur,30.2506,75.8442
Tamil Nadu,Mettupalaiyam,11.2341,76.9067
Jharkhand,Jumri Tilaiya,24.4289,85.5355
Tamil Nadu,Aruppukkottai,9.5139,78.1002
Punjab,Faridkot,30.67,74.76
Goa,Madgaon,15.2736,73.9581
Himachal Pradesh,Palangotu Adwar,32.7888,76.0009
Bihar,Jamui,24.9278,86.2239
Tamil Nadu,Kumarapalaiyam,11.4416,77.6907
Haryana,Hansi,29.1,75.97
Madhya Pradesh,Shahdol,23.28,81.35
Andhra Pradesh,Anakapalle,17.6913,83.0039
Rajasthan,Nimbahera,24.62,74.68
Tamil Nadu,Nachchandupatti,10.3238,78.7233
Madhya Pradesh,Seoni Malwa,22.4508,77.4681
Madhya Pradesh,Sarni,22.104,78.173
Madhya Pradesh,Basoda,23.8515,77.9365
Tamil Nadu,Maratturai,11.1536,79.5329
Maharashtra,Karad,17.285,74.184
Andhra Pradesh,Chinnachauku,14.4732,78.8451
West Bengal,Garulia,22.82,88.37
Tamil Nadu,Krishnagiri,12.5317,78.2174
Madhya Pradesh,Harda Khas,22.3441,77.0954
Madhya Pradesh,Mhow,22.55,75.76
Gujarat,Dhoraji,21.7337,70.4499
Tamil Nadu,Virappanchathiram,11.3553,77.6678
Uttar Pradesh,Laharpur,27.72,80.9
Assam,Diphu,25.83,93.43
Karnataka,Channapatna,12.6514,77.2067
Odisha,Bhawanipatna,19.91,83.128
Uttar Pradesh,Pilkhua,28.712,77.6545
Gujarat,Samadiala,21.337,71.31
Tamil Nadu,Tiruppattur,12.4915,78.5684
Haryana,Gokulgarh,28.2468,76.6176
Telangana,Sirsilla,18.38,78.83
Punjab,Mansa,29.9906,75.3996
Tamil Nadu,Chingleput,12.6918,79.9766
Jharkhand,Saunda,23.66,85.35
Madhya Pradesh,Ashoknagar,24.58,77.73
West Bengal,Katoya,23.65,88.13
Gujarat,Kadi,23.3009,72.3322
Tamil Nadu,Mannargudi,10.6653,79.4521
Uttar Pradesh,Balrampur,27.43,82.18
Punjab,Khamanon Kalan,30.82,76.35
Odisha,Bargarh,21.3333,83.6167
Gujarat,Dahegam,23.17,72.82
Telangana,Kamareddipet,18.3205,78.337
Tamil Nadu,Arni,12.6677,79.2853
West Bengal,Bolpur,23.67,87.72
Telangana,Peruvancha,17.1719,80.5839
Jharkhand,Gumla,23.0444,84.5417
Jharkhand,Simdega,22.62,84.52
Maharashtra,Manmad,20.251,74.439
Bihar,Piro,25.33,84.42
Telangana,Kottagudem,17.55,80.63
Madhya Pradesh,Dobni Para,22.8347,74.2556
Karnataka,Gokak,16.1667,74.8333
Madhya Pradesh,Tikamgarh,24.7472,78.85
Bihar,Araria,26.15,87.52
Tamil Nadu,Arkonam,13.0778,79.6667
Andhra Pradesh,Tanuku,16.7566,81.677
West Bengal,Koch Bihar,26.3242,89.451
Tamil Nadu,Kuniyamuttur,10.9638,76.9525
Tamil Nadu,Kambam,9.7375,77.2823
Telangana,Bodhan,18.67,77.9
Kerala,Tirkakara,10.035,76.329
West Bengal,Baj Baj,22.4828,88.1818
Karnataka,Nipani,16.399,74.3829
Punjab,Fazilka,30.403,74.025
Madhya Pradesh,Shajapur,23.4264,76.2778
Gujarat,Keshod,21.3,70.25
Karnataka,Chintamani,13.4,78.066
Andhra Pradesh,Yanam,16.7333,82.2167
Gujarat,Surendranagar,22.7,71.6833
Kerala,Malappuram,11.042,76.0815
Uttar Pradesh,Garhi,28.6317,77.3186
Tamil Nadu,Tindivanam,12.2267,79.6504
Tamil Nadu,Srivilliputtur,9.512,77.633
Jammu and Kashmir,Bhadarwah,32.98,75.7137
West Bengal,Ranaghat,23.18,88.58
Gujarat,Dhrangadhra,22.98,71.47
Andhra Pradesh,Gangammapeta,18.498,83.9642
Rajasthan,Khejroli,27.37,75.57
Tamil Nadu,Tirumangalam,9.8216,77.9891
Telangana,Pardiguda,17.3974,78.5783
Madhya Pradesh,Jaora,23.63,75.13
Meghalaya,Tura,25.52,90.22
Maharashtra,Ambajogai,18.73,76.38
Madhya Pradesh,Dabra,25.8857,78.3322
Tamil Nadu,Wandiwash,12.5,79.62
Andhra Pradesh,Gudur,14.1473,79.8477
Karnataka,Haveri,14.7935,75.4045
Punjab,Tarn Taran,31.4519,74.9278
Andhra Pradesh,Mangalagiri,16.43,80.55
Tamil Nadu,Vriddhachalam,11.5,79.33
Tamil Nadu,Kallakkurichchi,11.738,78.962
Tamil Nadu,Kasipalaiyam,11.3156,77.7092
Tamil Nadu,Pattukkottai,10.43,79.32
Punjab,Gobindgarh,30.6709,76.3019
Karnataka,Siruguppa,15.6,77
Telangana,Sangareddi,17.6294,78.0917
Tamil Nadu,Virudunagar,9.568,77.9624
Maharashtra,Warora,20.23,79.0008
Gujarat,Chaklasi,22.65,72.93
Maharashtra,Nilanga,18.1161,76.7525
Kerala,Quilandi,11.439,75.695
Madhya Pradesh,Mandla,22.6,80.38
Andhra Pradesh,Rayadrug,14.6997,76.8524
Rajasthan,Bilara,26.1792,73.7056
Odisha,Rayagada,19.17,83.42
Kerala,Parappanangadi,11.0497,75.8575
Rajasthan,Ratangarh,28.0787,74.6219
Telangana,Tandur,17.2576,77.5875
Andhra Pradesh,Markapur,15.73,79.26
Punjab,Malaut,30.19,74.499
Kerala,Kodungallur,10.2338,76.1946
Kerala,Neyyattinkara,8.4,77.08
Haryana,Fatehabad,29.52,75.45
Andhra Pradesh,Bapatla,15.9044,80.4675
Kerala,Kalamasseri,10.052,76.3158
Andhra Pradesh,Badvel,14.75,79.05
Tamil Nadu,Valparai,10.3276,76.9553
Tamil Nadu,Sankaranayinar Kovil,9.16,77.55
Rajasthan,Suratgarh,29.3177,73.8989
Karnataka,Dandeli,15.2667,74.6167
Maharashtra,Nandura Buzurg,20.8333,76.4597
Bihar,Gaura,25.4961,85.9709
Rajasthan,Bijaynagar,25.93,74.6386
Tamil Nadu,Satyamangalam,11.5167,77.25
Bihar,Madhipura,25.92,86.792
Maharashtra,Kodoli,16.88,74.2
Tamil Nadu,Avaniyapuram,9.8818,78.1125
Karnataka,Basavakalyan,17.8728,76.9497
Uttar Pradesh,Faridpur,28.2086,79.5381
Kerala,Tripunittura,9.9439,76.3494
Odisha,Nowrangapur,19.23,82.55
Telangana,Dharmasagaram,17.9933,79.4428
Kerala,Varisshiyakuni,11.6325,75.584
Maharashtra,Palghar,19.6969,72.7654
Bihar,Pakribarawan,24.9516,85.7347
Kerala,Kayankulam,9.172,76.501
Odisha,Paradip Garh,20.316,86.61
Karnataka,Ilkal,15.9592,76.1135
Uttar Pradesh,Nihtaur,29.33,78.38
Maharashtra,Anjangaon,21.15,77.28
Uttar Pradesh,Renukut,24.2,83.03
Punjab,Nabha,30.37,76.15
West Bengal,Siuri,23.91,87.527
Rajasthan,Rajsamand,25.07,73.88
West Bengal,Bishnupur,23.075,87.317
Gujarat,Modasa,23.47,73.3
Telangana,Gauravaram,17.1,80.6
Madhya Pradesh,Sausar,21.65,78.78
Odisha,Dhenkanal,20.67,85.6
Maharashtra,Urun-Islampur,17.05,74.267
Bihar,Gopalganj,26.47,84.43
Tamil Nadu,Dharapuram,10.7314,77.5189
Kerala,Guruvayur,10.5946,76.0369
Telangana,Jagoniguda,17.32,78.52
Telangana,Mirpeta,17.32,78.52
Rajasthan,Phalodi,27.131,72.364
Kerala,Beypore,11.18,75.82
Telangana,Siddipet,18.1018,78.852
Telangana,Koratla,18.8215,78.7119
Uttar Pradesh,Hasanpur,28.72,78.28
Uttar Pradesh,Sahaswan,28.068,78.751
West Bengal,Arambagh,22.88,87.78
Andhra Pradesh,Piduguralla,16.4793,79.8863
Tamil Nadu,Puliyankudi,9.1725,77.3956
Maharashtra,Sangamner,19.5678,74.2115
Haryana,Gohna,29.13,76.9
Andhra Pradesh,Pulivendla,14.4194,78.225
Kerala,Kanhangad,12.3167,75.0667
Rajasthan,Jaisalmer,26.913,70.915
Karnataka,Kurabur,13.4,78.006
Punjab,Giddarbaha,30.2,74.67
West Bengal,Tamluk,22.3,87.92
Maharashtra,Sinnar,19.85,74
Maharashtra,Vaijapur,19.9267,74.7275
Punjab,Jagraon,30.78,75.48
West Bengal,Alipur Duar,26.489,89.527
Punjab,Dhuri,30.3685,75.8679
Uttar Pradesh,Rath,25.58,79.57
Mizoram,Keitumkawn,23.31,92.85
Telangana,Narapalli,17.4875,78.6012
Gujarat,Palitana,21.52,71.83
Tamil Nadu,Dharmapuri,12.1211,78.1582
Tamil Nadu,Idappadi,11.5835,77.8341
Karnataka,Hiriyur,13.9446,76.6172
Uttar Pradesh,Sirsi,28.64,78.64
Telangana,Kodad,16.9978,79.9653
Andhra Pradesh,Tadepalle,16.4803,80.6186
Telangana,Armur,18.79,78.29
West Bengal,Bankra,22.63,88.3
Rajasthan,Nawalgarh,27.8458,75.268
Haryana,Tohana,29.7,75.9
Bihar,Khagaul,25.579,85.0456
Manipur,Chakpi Karong,24.3167,93.9833
Tamil Nadu,Sundapalaiyam,11.0014,76.8732
Odisha,Jatani,20.17,85.7
Karnataka,Chik Ballapur,13.43,77.72
Karnataka,Athni,16.73,75.07
Assam,Dhuburi,26.02,90
Telangana,Gadwal,16.23,77.8
Gujarat,Visnagar,23.7,72.55
Andhra Pradesh,Pamuru,15.097,79.409
Bihar,Sheikhpura,25.1403,85.8508
Karnataka,Sirsi,14.6194,74.8375
Maharashtra,Washim,20.1113,77.133
Uttar Pradesh,Nanpara,27.87,81.5
Rajasthan,Bari,26.63,77.62
Tamil Nadu,Ranipet,12.9247,79.3333
Telangana,Kesamudram,17.6875,79.8944
Andhra Pradesh,Nagari,13.3214,79.5856
Uttar Pradesh,Sherkot,29.35,78.58
Madhya Pradesh,Raghogarh,24.4442,77.1986
Tamil Nadu,Chidambaram,11.407,79.6912
Haryana,Narwana,29.6167,76.1117
Gujarat,Okha,22.4667,69.0667
Bihar,Bhabhua,25.05,83.62
Karnataka,Nanjangud,12.12,76.68
Gujarat,Siddhapur,23.9167,72.3833
West Bengal,Jhargram,22.45,86.98
Tamil Nadu,Ramanathapuram,9.3639,78.8395
Kerala,Trikonavattam,8.9,76.65
Gujarat,Halvad,23.02,71.18
Tamil Nadu,Udamalpet,10.5855,77.2513
Telangana,Wanparti,16.361,78.0627
Karnataka,Chamrajnagar,11.926,76.9402
Gujarat,Kukarmunda,21.5167,74.1333
Bihar,Dumraon,25.5526,84.1515
Tamil Nadu,Panruti,11.77,79.55
Tamil Nadu,Velampalaiyam,11.1376,77.3106
Tamil Nadu,Tirukkoyilur,11.9675,79.2056
Andhra Pradesh,Razampeta,14.1954,79.159
Kerala,Nedumangad,8.6033,77.0028
Odisha,Gunupur,19.08,83.82
Uttar Pradesh,Mehnajpur,25.6722,83.1181
Jammu and Kashmir,Thatri,33.1453,75.7911
Andhra Pradesh,Chandralapadu,16.715,80.2089
Andhra Pradesh,Ponnuru,16.0667,80.5667
Jammu and Kashmir,Kathua,32.3694,75.5254
Assam,North Lakhimpur,27.2414,94.1056
Andhra Pradesh,Vinukonda,16.05,79.75
Madhya Pradesh,Gohadi,26.4328,78.442
Bihar,Khagaria,25.5022,86.4671
Maharashtra,Pachora,20.67,75.35
Karnataka,Tiptur,13.26,76.48
Tamil Nadu,Gopichettipalaiyam,11.4549,77.4365
Arunachal Pradesh,Itanagar,27.1,93.62
Andhra Pradesh,Dhone,15.396,77.872
Rajasthan,Rajgarh,28.64,75.38
Madhya Pradesh,Panna,24.27,80.17
Telangana,Zahirabad,17.6814,77.6074
Maharashtra,Wani,20.0556,78.9533
West Bengal,Binnaguri,26.7641,89.0558
Gujarat,Upleta,21.73,70.28
Andhra Pradesh,Narasapur,16.4361,81.7016
Odisha,Sonabedha,18.73,82.83
Madhya Pradesh,Piparia,22.757,78.355
Gujarat,Una,20.82,71.03
Uttar Pradesh,Sardhana,29.145,77.61
Uttar Pradesh,Hastinapur,29.17,78.02
Uttar Pradesh,Sandila,27.08,80.52
Tamil Nadu,Tiruvalur,10.773,79.637
Maharashtra,Sillod,20.3,75.65
Karnataka,Mulbagal,13.1635,78.3935
Karnataka,Hunsur,12.3036,76.2927
West Bengal,Panskura,22.417,87.7
Kerala,Nanjakkad,9.2069,76.6319
West Bengal,Rampur Hat,24.17,87.78
Maharashtra,Khandala,18.7481,73.4072
Maharashtra,Lonavale,18.7481,73.4072
Gujarat,Bilimora,20.75,72.95
Telangana,Kothapet,19.3333,79.4833
Tamil Nadu,Maduraivayal,13.0631,80.1719
Karnataka,Sira,13.745,76.909
Andhra Pradesh,Palasa,18.7731,84.4078
Telangana,Chintalapalli,18.331,79.674
Jharkhand,Lohardaga,23.4331,84.6799
Andhra Pradesh,Macherla,16.48,79.43
Telangana,Bimgal,18.7,78.4667
Andhra Pradesh,Kandukur,15.2167,79.9042
Odisha,Keonjhargarh,21.63,85.58
Karnataka,Kollegal,12.1539,77.101
Gujarat,Unjha,23.8,72.4
Karnataka,Bail-Hongal,15.8137,74.8589
Mizoram,Lunglei,22.88,92.73
Rajasthan,Nasirabad,26.3,74.73
Tamil Nadu,Gudalur,11.5014,76.4916
Andhra Pradesh,Samalkot,17.0531,82.1695
Assam,Karimganj,24.87,92.35
Andhra Pradesh,Bobbili,18.5667,83.3667
West Bengal,Kalna,23.22,88.37
Andhra Pradesh,Sattenapalle,16.3962,80.1497
Uttar Pradesh,Vrindavan,27.58,77.7
Andaman and Nicobar Islands,Diglipur,13.2667,93
Uttar Pradesh,Naugaon Sadat,28.9833,78.4167
Madhya Pradesh,Sendhwa,21.6847,75.0953
Maharashtra,Talegaon Dabhade,18.72,73.68
Tamil Nadu,Poonamallee,13.0465,80.11
West Bengal,Gangarampur,25.4,88.52
Tamil Nadu,Tiruvallur,13.1231,79.912
Andhra Pradesh,Mandapeta,16.87,81.93
Kerala,Tirur,10.9,75.92
Uttarakhand,Pithoragarh,29.58,80.22
Karnataka,Kengri,12.9122,77.4827
Punjab,Ropar,30.9664,76.5331
Uttar Pradesh,Ajodhya,26.7992,82.2044
Telangana,Belampalli,19.0756,79.4881
Punjab,Kharar,30.74,76.65
Gujarat,Viramgam,23.12,72.03
Uttar Pradesh,Biswan,27.5,81
Kerala,Kannamangalam,10.05,77.05
Andhra Pradesh,Atchampeta,15.5412,78.9503
West Bengal,Kandi,23.95,88.03
Bihar,Raxaul,26.9833,84.85
Madhya Pradesh,Barwani,22.03,74.9
Tamil Nadu,Erumaippatti,11.58,77.85
Karnataka,Harpanahalli,14.7877,75.9886
Tamil Nadu,Periya Semur,11.37,77.6908
Jharkhand,Madhupur,24.26,86.65
Kerala,Chalil,11.7519,75.5959
Karnataka,Challakere,14.312,76.651
Puducherry,Puthiyangadi,12.0189,75.2588
Tamil Nadu,Namakkal,11.2167,78.1667
Gujarat,Mangrol,21.12,70.12
Himachal Pradesh,Chonthrhu,32.4865,75.9941
Andhra Pradesh,Bhimunipatnam,17.8846,83.4393
West Bengal,Falakata,26.53,89.2
Tamil Nadu,Polur,12.5119,79.1258
Telangana,Bhongir,17.51,78.89
Maharashtra,Tasgaon,17.03,74.6
Gujarat,Nandod,21.8706,73.5028
Andhra Pradesh,Pithapuram,17.1167,82.2667
Madhya Pradesh,Khurai,24.0437,78.3301
Andhra Pradesh,Punganuru,13.3667,78.5833
West Bengal,Ghatal,22.67,87.72
Karnataka,Sagar,14.1667,75.0333
Delhi,Mundka,28.6794,77.0284
West Bengal,Islampur,26.27,88.2
Madhya Pradesh,Sidhi,24.42,81.88
Maharashtra,Rahuri,19.38,74.65
Kerala,Kasaragod,12.5,75
Andhra Pradesh,Puttur,13.45,79.55
Rajasthan,Jalor,25.35,72.62
Punjab,Samana,30.15,76.19
Kerala,Kunnamkulam,10.65,76.08
Andhra Pradesh,Palmaner,13.2,78.75
Maharashtra,Deolali,19.951,73.834
Maharashtra,Umred,20.85,79.33
Haryana,Sohna,28.25,77.07
Andhra Pradesh,Parvatipuram,18.78,83.425
Andhra Pradesh,Mansala,15.9417,77.4281
Karnataka,Ullal,12.7584,74.8752
Gujarat,Dholka,22.72,72.47
Kerala,Ottappalam,10.77,76.38
Kerala,Manjeri,11.1202,76.12
Madhya Pradesh,Ashta,23.0175,76.7221
Himachal Pradesh,Ilindu Kothi,32.1461,76.2784
West Bengal,Kaliyaganj,25.63,88.32
Andhra Pradesh,Jaggayyapeta,16.892,80.0976
Assam,Goalpara,26.17,90.62
Karnataka,Shahpur,16.7,76.83
Andhra Pradesh,Amalapuram,16.5787,82.0061
Bihar,Bakhtiyarpur,25.459,85.539
Karnataka,Arsikere,13.3139,76.2369
Telangana,Patancheruvu,17.5333,78.2645
Telangana,Vikarabad,17.33,77.9
West Bengal,Baruipur,22.3654,88.4325
Karnataka,Puttur,12.7648,75.1842
Uttarakhand,Manglaur,29.8,77.87
Uttar Pradesh,Tilhar,27.9628,79.7383
Bihar,Sultanganj,25.246,86.738
Kerala,Tiruvalla,9.3856,76.5756
Punjab,Mandi Dabwali,29.9477,74.7322
Andhra Pradesh,Venkatagiri,13.9667,79.5833
Gujarat,Sihor,21.7,71.97
Tamil Nadu,Nerkunram,13.0619,80.2094
West Bengal,Baduria,22.74,88.79
Madhya Pradesh,Sironj,24.1031,77.6905
Telangana,Jangaon,17.7227,79.1518
Bihar,Daudnagar,25.03,84.4
Andhra Pradesh,Jiyyammavalasa,18.8186,83.5797
Telangana,Mandamari,18.9822,79.4811
Bihar,Lakhminia,25.4126,86.3253
Odisha,Koraput,18.812,82.7105
Karnataka,Mudhol,16.35,75.2833
Maharashtra,Phaltan,17.98,74.43
Dadra and Nagar Haveli and Daman and Diu,Diu,20.7158,70.9858
Kerala,Todupulai,9.8972,76.7139
Jammu and Kashmir,Khattan,33.3773,75.7254
Kerala,Vaisampakkal,9.4562,76.5241
Kerala,Kumarankari,9.4596,76.4986
Bihar,Arwal,25.2442,84.6631
Odisha,Burla,21.5098,83.8726
Madhya Pradesh,Gadarwara,22.9235,78.7849
Uttar Pradesh,Kalpi,26.12,79.73
Kerala,Irinjalakuda,10.3424,76.2112
Tamil Nadu,Tirupparangunram,9.8815,78.0731
Andhra Pradesh,Zangareddigudem,17.1229,81.2953
Tamil Nadu,Peranampattu,12.9387,78.7028
Andaman and Nicobar Islands,Rongat,12.4667,92.9333
Gujarat,Dabhoi,22.1376,73.4162
Tamil Nadu,Bhavani,11.4455,77.6821
Kerala,Puthuppariyaram,10.8036,76.6221
Karnataka,Sidlaghatta,13.39,77.86
Telangana,Marpalli,17.5389,77.7708
Karnataka,Bowringpet,12.9912,78.178
Haryana,Aurangabad,27.894,77.369
Haryana,Hodal,27.894,77.369
Bihar,Fatwa,25.5096,85.305
Himachal Pradesh,Pardwal,32.3286,76.1153
Telangana,Metpalli,18.8492,78.6262
Andhra Pradesh,Repalle,16.0172,80.8294
Odisha,Kuchaiburi,22.27,86.17
Gujarat,Vyara,21.12,73.4
Assam,Sibsagar,26.98,94.63
Uttar Pradesh,Mahmudabad,27.3,81.12
Bihar,Bikramganj,25.2107,84.2551
Tamil Nadu,Chinnamanur,9.8422,77.3857
Tamil Nadu,Anaiyur,9.9615,78.1118
Gujarat,Kosamba,21.48,72.95
Uttarakhand,Jaspur,29.2833,78.8167
Bihar,Forbesganj,26.3,87.265
Uttarakhand,Laksar,29.749,78.024
Bihar,Bar Bigha,25.2186,85.7332
Uttar Pradesh,Tundla,27.2146,78.2368
Uttar Pradesh,Baghpat,28.95,77.22
Bihar,Bhawanipur Rajdham,25.6501,87.1396
Telangana,Bhadrachalam,17.6688,80.8936
Madhya Pradesh,Biaora,23.9163,76.9112
Rajasthan,Sojat,25.92,73.67
Tamil Nadu,Tammampatti,11.4381,78.4836
Punjab,Sujanpur,32.3127,75.6012
Rajasthan,Shiv,26.1831,71.25
Haryana,Bhattu Kolan,29.3872,75.3422
Madhya Pradesh,Sihora,23.4871,80.104
Jharkhand,Chatra,24.2064,84.8708
Madhya Pradesh,Parasia,22.1913,78.759
Bihar,Hilsa,25.32,85.28
Rajasthan,Nohar,29.18,74.77
Telangana,Bhainsa,19.1,77.9667
Kerala,Perintalmanna,10.9765,76.2269
Uttar Pradesh,Padrauna,26.9042,83.9808
Tamil Nadu,Perambalur,11.23,78.88
Kerala,Kizhake Chalakudi,10.3,76.33
Andhra Pradesh,Sulleru,18.5333,83.2167
Andhra Pradesh,Peddapuram,17.08,82.13
Kerala,Payyoli,11.5333,75.6667
Maharashtra,Majalgaon,19.15,76.2333
Andhra Pradesh,Prattipadu,16.1878,80.3392
Gujarat,Kapadvanj,23.02,73.07
Kerala,Tennala,11,75.9333
Uttar Pradesh,Ramnagar,25.28,83.03
Bihar,Naugachhia,25.4,87.1
Maharashtra,Nizampur,21.1117,74.33
Andhra Pradesh,Jaggisettigudem,17.1167,81.3
Jharkhand,Godda,24.827,87.2125
Telangana,Badurpalle,17.5468,78.365
Kerala,Koduvalli,11.3594,75.9111
Andhra Pradesh,Guntakal Junction,15.1711,77.3624
Andhra Pradesh,Gooty,15.121,77.634
Karnataka,Bantval,12.8905,75.0349
Tamil Nadu,Kilvisharam,12.9143,79.2854
Uttar Pradesh,Khairabad,27.53,80.75
Gujarat,Jasdan,22.03,71.2
Telangana,Upperu,16.6427,77.4874
Kerala,Mangalapadi,12.6431,74.9194
Maharashtra,Vite,17.2711,74.5378
Karnataka,Homnabad,17.7707,77.1252
Uttarakhand,Joshimath,30.555,79.565
Jharkhand,Gumia,23.8106,85.8232
Jharkhand,Bokaro,23.7871,85.9564
Punjab,Nangal Township,31.385,76.375
Telangana,Sadaseopet,17.6203,77.9539
Karnataka,Hoskote,13.0721,77.7892
Punjab,Jalandhar Cantonment,31.286,75.615
Karnataka,Bhatkal,13.9853,74.5553
Rajasthan,Dungarpur,23.84,73.72
Gujarat,Chandrawada,21.6525,69.6746
Jharkhand,Dumka,24.42,87.34
Kerala,Changanacheri,9.4667,76.55
Maharashtra,Umarkhed,19.6014,77.6888
Uttar Pradesh,Atarra,25.28,80.57
Kerala,Azhikkod,11.9076,75.3446
Kerala,Azhikkal,11.9076,75.3446
Tamil Nadu,Vikramasingapuram,8.67,77.33
West Bengal,Jiaganj,24.23,88.27
Tamil Nadu,Manapparai,10.6075,78.4253
Kerala,Mattanur,11.931,75.572
Karnataka,Hagaribommanahalli,15.04,76.2
Tamil Nadu,Pallipalaiyam,11.3679,77.7435
Andhra Pradesh,Nandikotkur,15.867,78.267
Maharashtra,Selu,19.4551,76.4372
Tamil Nadu,Mela Gudalur,9.6806,77.2462
Kerala,Punalur,9.017,76.926
Karnataka,Kampli,15.4063,76.6001
Tamil Nadu,Nellikkuppam,11.7667,79.6833
Gujarat,Padra,22.23,73.08
Uttar Pradesh,Obra,24.42,82.98
Karnataka,Aland,17.5642,76.5685
Andhra Pradesh,Vuyyuru,16.3667,80.85
Kerala,Kadinamkulam,8.6,76.8167
Karnataka,Manvi,15.9833,77.05
Kerala,Nilambur,11.2769,76.2258
Karnataka,Bhalki,18.0435,77.206
Odisha,Anandpur,21.2141,86.1249
Andhra Pradesh,Jammalamadugu,14.85,78.38
Jharkhand,Garhwa,24.16,83.8075
Uttar Pradesh,Sikandra Rao,27.7,78.4
Punjab,Nawashahr,31.1167,76.1333
Gujarat,Ranavav,21.68,69.75
Bihar,Bihat,25.4253,86.0208
Tamil Nadu,Coonoor,11.345,76.795
Manipur,Thoubal,24.63,94.02
Tripura,Dharmaragar,24.3785,92.1783
Jharkhand,Pakaur,24.63,87.85
Kerala,Shertallai,9.6869,76.3361
Rajasthan,Nawai,26.3824,75.924
Andhra Pradesh,Gollalagunta,17.1672,82.2847
Madhya Pradesh,Rajgarh,24.03,76.88
Telangana,Farrukhnagar,17.0778,78.2011
Kerala,Chattamangalam,11.296,75.915
Karnataka,Kumta,14.4264,74.4122
Maharashtra,Warud,21.4167,78.4
Kerala,Ganapathivattam,11.67,76.28
West Bengal,Gobardanga,22.87,88.76
Kerala,Chalungalpadam,9.549,76.3237
Tamil Nadu,Arantangi,10.1686,78.992
Andhra Pradesh,Nayudupet,13.9,79.9
Odisha,Sundargarh,22.12,84.03
Karnataka,Mahalingpur,16.38,75.12
Gujarat,Bhayala,22.8335,72.3643
Maharashtra,Nalegaon,18.4167,76.8167
Karnataka,Muddebihal,16.33,76.13
Maharashtra,Kedgaon,18.43,74.35
Gujarat,Sachin,21.08,72.88
Andhra Pradesh,Alamuru,16.7833,81.9
Rajasthan,Dig,27.47,77.33
Madhya Pradesh,Barnagar,23.0489,75.378
Haryana,Charkhi Dadri,28.59,76.27
Karnataka,Guledagudda,16.0502,75.79
Tamil Nadu,Rameswaram,9.288,79.313
Tamil Nadu,Melur,10.0313,78.3381
West Bengal,Dhupgari,26.5889,89.0069
Andhra Pradesh,Dowlaiswaram,16.9556,81.7931
West Bengal,Sainthia,23.9451,87.6803
Telangana,Jangamguda,17.6238,78.6251
Uttar Pradesh,Shekhupur,28.35,79.02
Haryana,Ellenabad,29.45,74.65
Kerala,Karvarakundu,11.1167,76.3333
Andhra Pradesh,Rapur,14.2015,79.5351
Uttar Pradesh,Siyana,28.6269,78.0607
Odisha,Angul,20.8381,85.0956
Rajasthan,Rajaldesar,28.03,74.47
Chattisgarh,Dalli Rajhara,20.58,81.08
Andhra Pradesh,Nandigama,16.7833,80.3
Madhya Pradesh,Barwah,22.2539,76.0385
Telangana,Medak,18.046,78.263
Kerala,Talipparamba,12.0368,75.3601
Madhya Pradesh,Jora,26.3421,77.8092
Andhra Pradesh,Ananipalle,13.4902,79.2895
Bihar,Majurwa,26.1036,86.9193
Madhya Pradesh,Raisen,23.33,77.8
Andhra Pradesh,Janakammapeta,15.0125,79.8439
Madhya Pradesh,Sihora,23,80.12
West Bengal,Murshidabad,24.18,88.27
Maharashtra,Ahmadpur,18.7,76.9333
Uttar Pradesh,Seohara,29.22,78.58
Gujarat,Wankaner,22.6161,70.9531
Andhra Pradesh,Addanki,15.8167,79.9833
Andhra Pradesh,Nidadavole,16.92,81.67
Karnataka,Anekal,12.7105,77.6967
Kerala,Kottangara,8.9167,76.6333
Madhya Pradesh,Porsa,26.67,78.37
Telangana,Bodupal,17.4139,78.5783
Andhra Pradesh,Ramachandrapuram,16.85,82.02
Kerala,Chembra,11.042,75.911
Kerala,Shoranur,10.77,76.28
Haryana,Nilothi,28.8167,76.8667
Gujarat,Jambusar,22.05,72.8
Kerala,Kottoppadam,10.9979,76.3914
Tamil Nadu,Ambasamudram,8.7037,77.4527
Maharashtra,Yeola,20.042,74.489
Tamil Nadu,Kayalpattanam,8.5638,78.1246
Uttar Pradesh,Rudauli,26.75,81.75
Bihar,Dhaka,26.72,85.33
Bihar,Barhiya,25.2833,86.0333
Tamil Nadu,Kattivakkam,13.2167,80.3167
Maharashtra,Saoner,21.3858,78.9201
Tamil Nadu,Periyakulam,10.1239,77.5475
Bihar,Bairagnia,26.7381,85.2736
Madhya Pradesh,Pirthipur,25.1853,78.665
Telangana,Mahbubabad,17.6167,80.0167
Gujarat,Limbdi,22.5685,71.7949
Gujarat,Thol,23.0674,72.5121
Assam,Barpeta,26.32,91
Bihar,Kharik,25.3679,87.0026
West Bengal,Salar,23.7748,88.1026
Odisha,Jajpur,21.214,86.107
Andhra Pradesh,Alluru,15.1336,78.4975
Kerala,Kadalur,11.1333,75.8167
Gujarat,Jambughoda,22.3667,73.7167
West Bengal,Karsiyang,26.8778,88.2772
Telangana,Bhatpalli,18.4293,79.8635
Gujarat,Than,22.5667,71.1833
Punjab,Laungowal,30.2167,75.6833
Uttar Pradesh,Akbarpur,26.4333,82.5403
Tamil Nadu,Palladam,10.99,77.2
Bihar,Karmegh,26.5307,86.4263
Tamil Nadu,Anakaputtur,12.9823,80.1282
Uttar Pradesh,Dildarnagar,25.4309,83.6665
Gujarat,Kalol,22.606,73.463
Rajasthan,Pratapgarh,24.03,74.78
Rajasthan,Nathdwara,24.93,73.82
Tamil Nadu,Muttayyapuram,8.7498,78.1311
Kerala,Naikankudi,9.843,77.1519
Bihar,Barauli,26.3815,84.5872
West Bengal,Diamond Harbour,22.191,88.1905
Tamil Nadu,Surampatti,11.3411,77.6956
Telangana,Narayanpet,16.7445,77.496
Bihar,Saidpur Dabra,25.3207,87.1793
West Bengal,Berubari,26.3603,88.7152
Bihar,Rajgir,25.03,85.42
Karnataka,Indi,17.1773,75.9526
Jammu and Kashmir,Rajaori,33.3767,74.3122
West Bengal,Nalhati,24.294,87.839
Gujarat,Sanand,22.98,72.38
Gujarat,Kodinar,20.86,70.8
Bihar,Sagauli,26.7639,84.7434
Assam,Golaghat,26.52,93.97
Andhra Pradesh,Pileru,13.6549,78.9471
West Bengal,Memari,23.2,88.12
Odisha,Kendraparha,20.5,86.42
Uttarakhand,Naini Tal,29.3919,79.4542
Rajasthan,Ramganj Mandi,24.6472,75.9444
Tamil Nadu,Jayamkondacholapuram,11.2127,79.3637
Kerala,Cherupulassheri,10.8793,76.3148
Kerala,Trikarpur North,12.1439,75.1789
Kerala,Shutayil,12.1439,75.1789
Madhya Pradesh,Agar,23.7118,76.0157
Telangana,Peddapalli,18.6162,79.3832
Assam,Bilasipara,26.2328,90.2341
Uttar Pradesh,Palia Kalan,28.45,80.5833
Gujarat,Halol,22.5,73.47
Kerala,Kallar,9.85,77.1333
Punjab,Patti,31.28,74.86
Bihar,Dhamdaha,25.7435,87.1835
Kerala,Talukkara,10.95,75.9097
Odisha,Talcher,20.95,85.23
Punjab,Qadian,31.8192,75.3764
Tamil Nadu,Pamban,9.279,79.2109
Andhra Pradesh,Vavveru,14.5594,79.8725
Bihar,Buddh Gaya,24.6981,84.9869
Karnataka,Kadur,13.5529,76.0116
Kerala,Mundakkal,11.3244,75.9928
Bihar,Sherghati,24.5617,84.7953
Rajasthan,Pilani,28.37,75.6
Madhya Pradesh,Nowgong,25.0574,79.4381
Chattisgarh,Janjgir,22.017,82.567
Andhra Pradesh,Erramvaripalem,15.8495,80.3861
Karnataka,Krishnarajasagara,12.4398,76.3828
Kerala,Marakkara,10.95,76.0333
Karnataka,Channarayapatna,12.902,76.364
Himachal Pradesh,Palampur,32.1097,76.5366
Madhya Pradesh,Jhabua,22.7677,74.5909
Tamil Nadu,Vellakkovil,10.93,77.72
Madhya Pradesh,Sabalgarh,26.25,77.4
Maharashtra,Murtajapur,20.73,77.51
Kerala,Peringalam,11.7137,75.586
Rajasthan,Merta,26.65,74.0333
Uttarakhand,Uttarkashi,30.73,78.45
Madhya Pradesh,Maihar,24.262,80.761
Madhya Pradesh,Begamganj,23.5992,78.3406
Tamil Nadu,Tiruchendur,8.4946,78.1219
Tamil Nadu,Kilakkarai,9.2314,78.7848
West Bengal,Kalimpong,27.06,88.47
Bihar,Phulwaria,25.4697,85.9847
Uttar Pradesh,Kakrala,27.8922,79.1953
Karnataka,Kunigal,13.0232,77.0252
Karnataka,Mailapur,13.021,77.938
Kerala,Varkkallai,8.7433,76.6968
Kerala,Mayyanad,8.8391,76.6469
Goa,Panaji,15.4989,73.8278
Karnataka,Chikodi,16.43,74.6
Madhya Pradesh,Rajgarh,22.68,74.95
Karnataka,Sindgi,16.92,76.234
Maharashtra,Wadegaon,20.34,76.51
Punjab,Sardulgarh,29.697,75.2388
Haryana,Samalkha,29.23,77.02
Maharashtra,Junnar,19.2,73.88
Madhya Pradesh,Salaiya,23.1,80.12
Karnataka,Ramdurg,15.95,75.3
Andhra Pradesh,Amudalavalasa,18.4167,83.9
Andhra Pradesh,Atmakur,15.8779,78.5884
Andhra Pradesh,Kovvur,17.017,81.731
Odisha,Basudebpur,21.1197,86.729
Bihar,Pachrukha,26.7373,84.8861
Bihar,Lalganj,25.87,85.18
Bihar,Islampur,25.1407,85.2059
Madhya Pradesh,Khachrod,23.4232,75.2819
Telangana,Badepalli,16.7549,78.1443
Jharkhand,Sijua,23.7762,86.3303
Karnataka,Seram,17.1786,77.29
Gujarat,Vadasinor,22.95,73.33
Bihar,Jogbani,26.3961,87.2597
Himachal Pradesh,Solan,30.905,77.097
Assam,Hailakandi,24.6839,92.561
Kerala,Erattukulakkada,8.9,76.8833
Uttar Pradesh,Nawabganj,28.54,79.633
Kerala,Ayirapuram,9.88,76.3
Tamil Nadu,Idangansalai,11.6272,77.989
West Bengal,Chittaranjan,23.87,86.87
Bihar,Partapnagar,25.4145,87.0787
Bihar,Revelganj,25.78,84.67
Madhya Pradesh,Amla,21.9248,78.1279
Andhra Pradesh,Betamcherla,15.4667,78.1667
Tamil Nadu,Nallur,11.1003,77.3914
Andhra Pradesh,Penumur,13.3667,79.1833
Tamil Nadu,Walajapet,12.9255,79.3652
Tamil Nadu,Tuvagudi,10.7526,78.8298
Gujarat,Dwarka,22.2464,68.9667
Odisha,Birmitrapur,22.4,84.7667
Haryana,Pehowa,29.98,76.58
Uttar Pradesh,Nurpur,29.15,78.4
Madhya Pradesh,Mehidpur,23.4888,75.658
Tamil Nadu,Tinnanur,13.1145,80.0271
Andhra Pradesh,Vetapalem,15.78,80.32
Kerala,Paravurkambolam,8.81,76.6702
Kerala,Vengat,11.8828,75.5351
Gujarat,Rajula,21.05,71.43
Telangana,Mahadeopur,18.7316,79.9837
Tamil Nadu,Melmadai,9.9264,78.1503
Andhra Pradesh,Buchireddipalem,14.538,79.875
Rajasthan,Khairtal,27.8346,76.6388
West Bengal,Taki,22.59,88.92
Tamil Nadu,Porur,13.0356,80.1582
Kerala,Pallipram,11.15,75.9
Kerala,Karuvambram,11.0158,76.1131
Bihar,Shankarpur Khawas,25.2016,87.1496
Uttar Pradesh,Thakraha,26.7419,84.2562
West Bengal,Dubrajpur,23.8,87.38
Jammu and Kashmir,Gurais,34.6333,74.8333
Karnataka,Goribidnur,13.6111,77.5167
Uttarakhand,Srinagar,30.22,78.78
Gujarat,Dhanera,24.52,72.02
Maharashtra,Pen,18.75,73.08
Tamil Nadu,Cheyyar,12.662,79.5435
Kerala,Pathanamthitta,9.2648,76.787
Bihar,Charaut,26.5322,85.7942
Bihar,Rani,25.5564,85.9021
Tamil Nadu,Manali,13.1667,80.2667
Punjab,Mamun,32.2824,75.6983
Karnataka,Coondapoor,13.6313,74.6902
Jharkhand,Gomoh,23.8735,86.1516
Rajasthan,Aklera,24.42,76.57
Rajasthan,Rawatbhata,24.93,75.58
Maharashtra,Satana,20.5797,74.216
Karnataka,Basavana Bagevadi,16.5728,75.9725
Telangana,Huzurabad,18.2,79.42
Kerala,Attingal,8.68,76.83
Madhya Pradesh,Hatta,24.1341,79.6012
Karnataka,Malavalli,12.38,77.08
Madhya Pradesh,Sarangpur,23.57,76.47
Karnataka,Sandur,15.1,76.55
Andhra Pradesh,Kanigiri,15.4,79.5167
Punjab,Jaito,30.4509,74.8829
Odisha,Phulbani,20.47,84.23
Madhya Pradesh,Lahar,26.194,78.9414
Rajasthan,Pilibangan,29.4888,74.0748
Karnataka,Gajendragarh,15.7363,75.9698
Bihar,Jale,26.38,85.72
Kerala,Paravur Tekkumbhagam,8.811,76.669
Kerala,Vettur,8.7178,76.7444
Uttar Pradesh,Chunar,25.13,82.9
Haryana,Ratia,29.6833,75.575
Andhra Pradesh,Kadiyam,16.9167,81.8333
Bihar,Bahadurganj,26.2617,87.8244
Bihar,Jagdispur,25.4674,84.4204
West Bengal,Sitalkuchi,26.1697,89.1914
West Bengal,Pujali,22.4679,88.1452
Himachal Pradesh,Dargot,31.2411,76.9358
Andhra Pradesh,Dachepalle,16.6,79.7333
Punjab,Nakodar,31.1275,75.4781
Gujarat,Lunavada,23.1333,73.6167
West Bengal,Dalkola,25.8767,87.8414
Uttar Pradesh,Bindki,26.03,80.6
West Bengal,Kankuria,24.6523,87.9604
Kerala,Vavur,11.2167,75.9083
Tamil Nadu,Musiri,10.9518,78.4434
Maharashtra,Pathri,19.25,76.45
Tamil Nadu,Kesavapuram,8.4212,76.9996
Kerala,Mahe,11.7011,75.5367
Nagaland,Tuensang,26.2716,94.8314
Kerala,Mulavana,8.9936,76.6765
Karnataka,Manoli,15.78,75.12
Karnataka,Lakshmeshwar,15.13,75.47
Punjab,Zira,30.97,74.99
Tamil Nadu,Karamadai,11.2428,76.9617
Uttar Pradesh,Robertsganj,24.7,83.07
Uttar Pradesh,Thana Bhawan,29.5833,77.4167
Assam,Hojai,26,92.87
Kerala,Kidangazhi,11.0333,76.1
Kerala,Nemmara,10.5934,76.6006
Bihar,Punarakh,25.493,85.8054
Odisha,Patamundai,20.57,86.57
Tamil Nadu,Kodaikanal,10.23,77.48
Kerala,Chelora,11.8892,75.4293
Andhra Pradesh,Ichchapuram,19.12,84.7
Maharashtra,Purna,19.18,77.05
Punjab,Maur,30.0833,75.25
Karnataka,Nargund,15.72,75.38
Kerala,Parappur,11.0335,76.0001
Madhya Pradesh,Kotma,23.2038,81.979
Kerala,Nellaya,10.8729,76.289
Kerala,Balarampuram,8.3833,77.0833
West Bengal,Dinhata,26.13,89.47
Bihar,Dighwara,25.7443,85.01
Madhya Pradesh,Garhakota,23.7791,79.1432
Andhra Pradesh,Vempalle,14.3667,78.4667
Maharashtra,Wai,17.95,73.89
Rajasthan,Malpura,26.28,75.38
Uttar Pradesh,Pihani,27.6199,80.2034
Maharashtra,Shirdi,19.77,74.48
Rajasthan,Nim ka Thana,27.735,75.7797
Maharashtra,Taloda,21.5607,74.22
Kerala,Naduvattam,11.0583,75.8569
Tamil Nadu,Chekkal,8.3653,77.1075
Karnataka,Tarikere,13.7104,75.8122
Nagaland,Mokokchung,26.32,94.5
Bihar,Majhaul,25.557,86.128
Maharashtra,Partur,19.5911,76.2161
Tamil Nadu,Jalarpet,12.5703,78.5732
Kerala,Tirkadavur,8.9206,76.5948
Telangana,Huzurnagar,16.9,79.8833
Uttarakhand,Pantnagar,28.97,79.41
Kerala,Kattipparutti,10.8833,76.05
Tamil Nadu,Kalakkadu,8.5138,77.5494
Bihar,Kharagpur,25.1245,86.5558
Karnataka,Shiggaon,14.991,75.223
Punjab,Mahna,30.228,74.9937
Karnataka,Hole Narsipur,12.7863,76.2433
Karnataka,Chitapur,17.1201,77.0869
Telangana,Medchal,17.6297,78.4814
Telangana,Narsampet,17.9285,79.8925
Andhra Pradesh,Uravakonda,14.95,77.27
Karnataka,Savanur,14.9731,75.3328
Bihar,Rafiganj,24.82,84.65
Kerala,Aravankara,11.0745,75.9369
Rajasthan,Sirohi,24.885,72.8625
Jammu and Kashmir,Udhampur,32.916,75.1419
Maharashtra,Umarga,17.84,76.6217
Uttar Pradesh,Hamirpur,25.95,80.15
Kerala,Ulliyil,12.0333,75.65
West Bengal,Guskhara,23.5,87.75
West Bengal,Chakapara,22.63,88.35
Tamil Nadu,Surandai,8.9773,77.4206
Tamil Nadu,Usilampatti,9.9651,77.7885
Kerala,Perunad,8.9563,76.64
Andhra Pradesh,Giddalur,15.3764,78.9251
Kerala,Pappinissheri,11.95,75.35
Kerala,Tazhakara,9.2551,76.5539
Bihar,Pandaul,26.2517,86.0747
Bihar,Bibhutpur,25.6878,85.9992
Rajasthan,Rawatsar,29.28,74.38
Kerala,Pulppatta,11.1511,76.0669
Telangana,Yellandu,17.6,80.33
Kerala,Marancheri,10.7383,75.9736
Nagaland,Wokha,26.1,94.27
Haryana,Bapaura,28.815,76.063
Maharashtra,Chiplun,17.53,73.52
Uttar Pradesh,Harra,29.1278,77.4861
Tamil Nadu,Mel Nariyappanur,11.6495,78.8599
Bihar,Dulhanganj,25.382,84.858
Tamil Nadu,Karumattampatti,11.1093,77.182
Karnataka,Lingsugur,16.17,76.52
Tamil Nadu,Shiyali,11.2391,79.7357
Tamil Nadu,Madukkarai,10.9057,76.9634
Kerala,Alandatte,12.191,75.4673
Karnataka,Vadigenhalli,13.29,77.8
Odisha,Hirakud,21.525,83.8727
Kerala,Munnarkod,10.98,76.47
Kerala,Mannarakkat,10.98,76.47
Andhra Pradesh,Allagadda,15.1322,78.5138
Telangana,Khajamahalpur,17.8,77.36
Haryana,Safidon,29.42,76.67
Kerala,Kolattupuzha,8.9082,77.0555
Madhya Pradesh,Dhamnod,22.2093,75.4706
Tamil Nadu,Manamadurai,9.6956,78.4564
Kerala,Marutharod,10.7737,76.6973
Madhya Pradesh,Banda,24.0449,78.9609
Maharashtra,Paithan,19.4751,75.3856
Maharashtra,Dapoli,17.7589,73.1856
Tamil Nadu,Kulittalai,10.9357,78.4241
Karnataka,Ankola,14.6605,74.3047
Andhra Pradesh,Madakalavaripalli,14.7475,79.0843
Uttar Pradesh,Zaidpur,26.83,81.33
Bihar,Kita Chauhattar,25.677,84.872
Rajasthan,Degana,26.8951,74.3222
Jammu and Kashmir,Kalaruch,34.5731,74.321
Kerala,Aiyappan Kovil,9.7158,77.0333
Tamil Nadu,Vedaranniyam,10.3774,79.8495
Bihar,Baraidih,25.9798,86.1434
Kerala,Badiadka,12.5833,75.0667
Andhra Pradesh,Tiruvur,17.1,80.6
Assam,Kokrajhar,26.4,90.27
Maharashtra,Risod,19.97,76.78
Uttarakhand,Almora,29.5971,79.6591
West Bengal,Balarampur,26.2432,89.5863
Odisha,Titlagarh,20.2871,83.1466
Bihar,Waris Aliganj,25.01,85.63
Maharashtra,Jamkhed,18.72,75.32
Uttar Pradesh,Rudarpur,26.4293,83.6104
Tamil Nadu,Kallidaikurichi,8.6859,77.4659
Karnataka,Annigeri,15.4251,75.4335
Maharashtra,Pulgaon,20.726,78.317
Kerala,Mulavur,10.0111,76.6056
Rajasthan,Toda Bhim,26.9167,76.8167
Karnataka,Byadgi,14.6733,75.4868
Kerala,Kadungapuram,11.0167,76.0667
Bihar,Bangaon,25.8673,86.5115
Andhra Pradesh,Narsipatnam,17.665,82.614
Kerala,Kaippakancheri,10.938,75.987
Telangana,Vemalwada,18.4667,78.8833
Bihar,Kasba,25.8564,87.5384
Kerala,Chavakkad,10.582,76.041
Kerala,Manganam,9.7958,76.45
Puducherry,Chempalli,12.0451,75.5074
Assam,Dhekiajuli,26.7037,92.4781
Kerala,Mangalam,10.845,75.919
Kerala,Vettam,10.8667,75.9
Bihar,Madhubani,26.5147,84.7645
Kerala,Angamali,10.196,76.386
Andhra Pradesh,Darsi,15.7667,79.6833
Bihar,Siripur,25.997,86.9599
Karnataka,Madikeri,12.4209,75.7397
Andhra Pradesh,Kondapalle,16.6183,80.5411
Madhya Pradesh,Bamaur,26.339,78.101
Jharkhand,Churi,23.6549,85.0128
Kerala,Kidamangalam,10.3167,76.1333
Bihar,Hisua,24.8336,85.4173
Uttar Pradesh,Zamania,25.4194,83.5569
Tamil Nadu,Kavundappadi,11.4248,77.5579
Punjab,Kartarpur,31.4427,75.4985
Bihar,Borne,25.5431,86.6999
Uttar Pradesh,Shamsabad,27.02,78.13
Uttar Pradesh,Shikarpur,28.2814,78.0108
Madhya Pradesh,Umaria,23.38,81.1
Kerala,Tekkebhagam,9.4361,76.5667
Madhya Pradesh,Chanderi,24.72,78.13
Madhya Pradesh,Kareli,22.9153,79.0638
Karnataka,Hangal,14.7646,75.1246
Bihar,Turkauliya,26.6079,84.8296
Andhra Pradesh,Elesvaram,17.2833,82.1
Uttar Pradesh,Fatehpur Sikri,27.091,77.661
Jharkhand,Patratu,23.67,85.28
Rajasthan,Sanchor,24.7536,71.7714
Maharashtra,Lohagaon,20.6,77.6833
Odisha,Umarkot,19.6653,82.2063
Tamil Nadu,Arumuganeri,8.5717,78.0922
Kerala,Parambil,11.5575,75.7605
Tripura,Udaipur,23.5389,91.4917
Bihar,Chand Chaur,25.7276,85.7865
Kerala,Mankada,11.0187,76.1755
Kerala,Kallur,8.6714,76.7944
Tamil Nadu,Vadavalli,11.0258,76.9038
West Bengal,Debagram,23.6833,88.2833
Tamil Nadu,Nanjikkottai,10.7453,79.1289
Kerala,Vilakkudi,9.0167,76.85
Telangana,Jamikunta,18.2864,79.4761
Rajasthan,Taranagar,28.6689,75.0406
Bihar,Belhi,26.5769,86.1723
Telangana,Shamsabad,17.2603,78.3969
Andhra Pradesh,Erraguntla,14.6333,78.5333
Kerala,Chemancheri,11.4116,75.735
Maharashtra,Manwat,19.3,76.5
Kerala,Chemmaruthi,8.7597,76.7435
Tamil Nadu,Turaiyur,11.1497,78.5987
Tamil Nadu,Ketti,11.4,76.7
Bihar,Chamtha,25.5789,85.7734
Kerala,Pattanapuram,9.0927,76.8612
Kerala,Sasthankotta,9.0365,76.6239
Madhya Pradesh,Narsinghgarh,23.7,77.1
Andhra Pradesh,Kalyandrug,14.55,77.1
Kerala,Tattamangalam,10.7,76.75
Kerala,Eramala,11.6789,75.5931
Tamil Nadu,Kangayam,11.0054,77.562
Uttar Pradesh,Utraula,27.32,82.42
Madhya Pradesh,Kukshi,22.2068,74.7579
Telangana,Mangur,17.9373,80.8185
Andhra Pradesh,Kovur,14.5001,79.9859
Gujarat,Radhanpur,23.83,71.6
Kerala,Munnar,10.0892,77.0597
Andhra Pradesh,Akividu,16.5823,81.3811
Bihar,Makhdumpur,25.072,84.973
Bihar,Puraini,25.1426,86.9797
Kerala,Tholikuzhi,8.6526,77.0704
Kerala,Palamel,9.1875,76.6498
Kerala,Purattur,10.8022,75.9225
Kerala,Alengad,10.1,76.3
Punjab,Maur Kalan,30.08,75.25
Bihar,Sherpur,25.6539,84.9793
Bihar,Jhanjharpur,26.2647,86.2799
Bihar,Alamnagar,25.561,86.9014
Gujarat,Bagasra,21.4833,70.95
Tamil Nadu,Kottaikuppam,11.9613,79.8392
Kerala,Velliyod,11.6256,75.6294
Bihar,Singia,25.8424,86.1622
Kerala,Tekkekara Kizhakku,9.2,76.5
Uttar Pradesh,Sadabad,27.45,78.05
Assam,Kochugaon,26.5518,90.0762
Maharashtra,Tuljapur,18,76.08
West Bengal,Lalgola,24.42,88.25
Maharashtra,Masur,17.28,74.2
Bihar,Nautan Dube,26.7118,84.503
Kerala,Thazhamel,8.8667,76.6667
Madhya Pradesh,Rahatgarh,23.78,78.37
Karnataka,Shikarpur,14.27,75.35
Tamil Nadu,Kurivikod,8.3196,77.1104
Uttar Pradesh,Charthawal,29.55,77.5833
Uttar Pradesh,Samdhin,27.137,79.703
Bihar,Nauagarhi,25.3443,86.5358
Madhya Pradesh,Deori Khas,23.3902,79.0163
Kerala,Kunnatnad,10.0179,76.401
Tamil Nadu,Kolachel,8.1767,77.2591
Bihar,Sanha,25.402,86.3592
Kerala,Vellanad,8.4461,77.1971
Rajasthan,Sri Madhopur,27.4667,75.6
Assam,Lumding,25.75,93.17
Uttar Pradesh,Sherpur Khurd,25.5565,83.8052
Kerala,Vadakakarai,10.1731,76.2096
Telangana,Naspur,18.8604,79.4849
Maharashtra,Unchagao,16.6988,74.2749
Maharashtra,Bramhapuri,20.6068,79.8644
Bihar,Rusera,25.7544,86.0258
Andhra Pradesh,Podili,15.604,79.608
Maharashtra,Shrigonda,18.616,74.698
Kerala,Kalliyassheri,11.9712,75.3616
Kerala,Malaikkal,8.8058,76.8301
Andhra Pradesh,Tummapala,17.7166,82.9965
Jharkhand,Mushabani,22.52,86.45
Madhya Pradesh,Karera,25.4581,78.1358
Odisha,Malakanagiri,18.35,81.9
West Bengal,Tarakeswar,22.89,88.02
Karnataka,Badami,15.92,75.6803
Jharkhand,Husainabad,24.5285,84
Bihar,Bairi Chak,24.6951,84.9913
Jammu and Kashmir,Leh,34.1642,77.5847
Kerala,Pattanakkad,9.7286,76.3189
Tamil Nadu,Sholinghur,13.12,79.42
Haryana,Dharampur,28.6,76.99
Gujarat,Manavadar,21.5,70.13
Tamil Nadu,Palaiya Ayakkudi,10.456,77.5595
Tamil Nadu,Chinnalapatti,10.2875,77.912
Kerala,Pattittara,10.8119,76.0915
Gujarat,Mahemdavad,22.83,72.77
Uttarakhand,Gadarpur,29.0437,79.2465
Kerala,Ulliyeri,11.4333,75.7833
Andhra Pradesh,Tekkali,18.6057,84.2355
Andhra Pradesh,Pedana,16.2667,81.1667
Kerala,Mattathur,10.3792,76.3208
West Bengal,Pandua,23.08,88.28
Bihar,Babura,25.6838,84.7825
Karnataka,Bannur,12.3329,76.862
Tamil Nadu,Chengam,12.3112,78.7925
Kerala,Talakkad,10.8833,75.9333
Tamil Nadu,Devarshola,11.5437,76.4404
Gujarat,Gariadhar,21.53,71.58
Kerala,Sankaramangalam,8.6561,76.787
Telangana,Nagawaram,17.4875,78.6012
West Bengal,Mainaguri,26.5658,88.8214
Kerala,Karuvakulam,9.7605,77.2205
Maharashtra,Uran,18.89,72.95
Gujarat,Karjan,22.053,73.1235
Kerala,Muvattupula,9.9798,76.5803
Madhya Pradesh,Manawar,22.23,75.08
Tamil Nadu,Kuttanallur,10.7069,79.5235
Gujarat,Dhari,21.3261,71.0272
Gujarat,Mansa,23.43,72.67
Madhya Pradesh,Rehli,23.63,79.08
Rajasthan,Shahpura,25.63,74.93
Tamil Nadu,Sallimedu,11.1147,77.3975
Kerala,Koni,9.241,76.8784
Andhra Pradesh,Chimakurti,15.5149,80.0368
Tamil Nadu,Taramangalam,11.7,77.98
Madhya Pradesh,Anjad,22.0417,75.0552
Kerala,Kaipram,10.8833,76.1833
Tamil Nadu,Periyanayakkanpalaiyam,11.1544,76.9499
West Bengal,Egra,21.9,87.53
Kerala,Kanniparamba,11.3611,76.0097
Uttarakhand,Mussoorie,30.45,78.08
Chattisgarh,Sakti,22.03,82.97
Kerala,Elur,10.0667,76.3
Bihar,Rahimpur,25.4894,86.4774
Tamil Nadu,Kondarangi Kiranur,10.615,77.724
Kerala,Nethirimangalam,10.8054,76.1877
West Bengal,Margram,24.1512,87.8422
Madhya Pradesh,Mahugaon,22.5748,75.7445
Bihar,Jamalpur,25.4112,86.6593
Himachal Pradesh,Arda,32.3087,76.5772
Haryana,Mundahal Khurd,28.98,76.195
Telangana,Hasanparti,18.0681,79.5236
Gujarat,Ranpur,22.3752,71.6898
Gujarat,Patri,23.19,71.8
Gujarat,Salaya,22.32,69.6
Kerala,Edassheri,10.9833,75.9667
Madhya Pradesh,Mundi,22.07,76.5
Kerala,Padappakara,8.9667,76.6333
Rajasthan,Sagwara,23.6681,74.0244
Uttar Pradesh,Tirwa,26.962,79.7923
Andhra Pradesh,Kaluvaya,14.5,79.4167
Assam,Masabdisa,25.9682,93.4372
Karnataka,Magadi,12.97,77.23
Odisha,Baghmari,20.2206,85.5014
Andhra Pradesh,Sarpavaram,17.0102,82.225
Gujarat,Dhandhuka,22.37,71.98
Uttarakhand,Saundhonwali,30.3331,77.9608
Kerala,Parakadavu,10.2126,76.352
Karnataka,Koratgi,15.6081,76.6597
Maharashtra,Navapur,21.17,73.78
Bihar,Riga,26.6553,85.442
Karnataka,Birur,13.5972,75.9717
Karnataka,Kotturu,14.8262,76.2259
Bihar,Marhaura,25.97,84.87
Kerala,Triprangottur,11.7843,75.6559
Tamil Nadu,Panakkudi,8.3492,77.5672
Kerala,Ozhur,10.9542,75.9167
Kerala,Kodayattur,11.2833,75.9833
Kerala,Tiruvegapra,10.873,76.125
Karnataka,Krishnarajpet,12.6662,76.4877
Punjab,Talwara,31.9376,75.8866
Kerala,Madavur,11.2597,75.9486
Kerala,Puthupalli,9.5594,76.5722
Tamil Nadu,Nattam,10.2249,78.231
Telangana,Devarkonda,16.7,78.9333
Bihar,Sursand,26.65,85.7167
Karnataka,Hosdurga,13.7963,76.2841
Madhya Pradesh,Nepanagar,21.4558,76.4494
Madhya Pradesh,Jamai,22.1964,78.5919
Kerala,Kalpatta,11.6087,76.0834
Tamil Nadu,Mannargudi,11.2761,79.552
Gujarat,Idar,23.839,73.002
Kerala,Veliyangod,10.7296,75.9471
Kerala,Kollengode,10.6139,76.6908
Kerala,Rarott,11.4504,75.9306
Rajasthan,Lakheri,25.67,76.17
Karnataka,Chiknayakanhalli,13.4161,76.6206
Bihar,Maranga,25.7592,87.4665
Rajasthan,Behror,27.8903,76.2861
Kerala,Minad,8.85,76.6958
Tamil Nadu,Sankaridrug,11.4745,77.8691
Kerala,Pirakkad,9.35,76.35
Andhra Pradesh,Ibrahimpatnam,16.583,80.5143
Karnataka,Mudbidri,12.9101,75.003
Andhra Pradesh,Atmakur,14.6167,79.6167
Tamil Nadu,Vadakku Valliyur,8.3829,77.6122
Bihar,Marar,25.5392,86.5074
Kerala,Pilachikare,12.0855,75.2545
Andhra Pradesh,Pattikonda,15.4,77.5167
Andhra Pradesh,Nalakadoddi,15.4,77.5167
Kerala,Aralam,11.9992,75.764
Jharkhand,Khunti,23.081,85.2774
Uttar Pradesh,Rasra,25.85,83.85
West Bengal,Garaimari,24.0217,88.6263
Rajasthan,Udaipur,27.7289,75.4716
Karnataka,Maddagiri,13.66,77.21
West Bengal,Beldanga,23.93,88.25
Bihar,Raghopur,26.1785,86.0892
Tamil Nadu,Pallijkarani,12.9333,80.2022
Haryana,Mahendragarh,28.28,76.15
Telangana,Nakrekal,17.1647,79.4275
West Bengal,Sankrail,22.5583,88.2278
Bihar,Colgong,25.2633,87.2326
West Bengal,Sonamukhi,23.3,87.42
Tamil Nadu,Kalappatti,11.0794,77.0371
Tamil Nadu,Vattalkundu,10.163,77.758
Tamil Nadu,Uttamapalaiyam,9.8,77.3333
Karnataka,Deodrug,16.4167,76.9341
Kerala,Vallikunnam,9.1167,76.5333
Tamil Nadu,Vandiyur,9.9092,78.1609
Kerala,Ponmana,9.0167,76.5167
Tamil Nadu,Gudalur,11.1455,76.9366
Kerala,Placheri,11.8361,76.175
Madhya Pradesh,Kailaras,26.305,77.616
Kerala,Kuttuparamba,11.8278,75.5659
Tamil Nadu,Ariyalur,11.1372,79.0778
Himachal Pradesh,Nahan,30.55,77.3
Kerala,Karippira,8.95,76.7167
Haryana,Ladwa,29.9958,77.04
Punjab,Gidri,30.8461,75.8623
Bihar,Pokhram,25.9358,86.1974
Karnataka,Kudligi,14.905,76.3853
Tamil Nadu,Virapandi,11.0625,77.3508
Kerala,Tiruvambadi,11.3608,76.0089
Telangana,Narsimlapet,17.51,79.8044
Karnataka,Kamalapuram,15.3044,76.4765
Kerala,Ponmala,11.0221,76.0432
Uttarakhand,Landhaura,29.82,77.93
Gujarat,Umrat,21.1152,72.857
Kerala,Kozhinjampara,10.7333,76.85
Meghalaya,Nongstoin,25.52,91.27
Punjab,Raikot,30.65,75.6
Bihar,Murliganj,25.9,86.98
Bihar,Nauhata,25.9971,86.4887
Kerala,Pattambi,10.8057,76.1957
Uttar Pradesh,Pawayan,28.0663,80.1031
Kerala,Neduvannur,10.1167,76.35
Kerala,Edayikunnam,10.1009,76.3713
Kerala,Akkattettar,10.8167,76.65
Bihar,Simri Bakhriarpur,25.7216,86.5937
Tamil Nadu,Sottaiyampalaiyam,11.4053,77.6794
Kerala,Manampizha,9.2972,76.65
Kerala,Munnalam,9.3317,76.6054
Punjab,Bagha Purana,30.6881,75.0984
Rajasthan,Losal,27.4,74.92
Madhya Pradesh,Rajpur,22.3053,74.3525
Gujarat,Pardi,20.52,72.95
Karnataka,Pavugada,14.1,77.28
Tamil Nadu,Nenmem,11.6333,76.2611
Kerala,Elanjivaliseri,8.95,76.6667
Tamil Nadu,Harur,12.051,78.4827
Telangana,Banswada,18.3833,77.8833
Andhra Pradesh,Ramanayyapeta,17.3203,82.1014
Madhya Pradesh,Maharajpur,25.0194,79.7319
Kerala,Mannanchori,9.5764,76.3481
Tamil Nadu,Brahmana Periya Agraharam,11.369,77.7063
Kerala,Puvali,11.793,76.165
Madhya Pradesh,Tarana,23.33,76.03
Kerala,Kizhakkott,11.3583,75.8986
Kerala,Puttankulam,8.8111,76.7152
Bihar,Saho,25.9718,86.1537
Andhra Pradesh,Srungavarapukota,18.1167,83.1667
Odisha,Karanjia,21.7626,85.9732
Punjab,Hajipur,31.9771,75.7544
Kerala,Edappalli,9.8167,76.3
Kerala,Antur,11.987,75.376
Uttar Pradesh,Sirsaganj,27.0569,78.6861
Tamil Nadu,Kotagiri,11.43,76.88
Rajasthan,Shahpura,27.3897,75.9596
Kerala,Chennamangalam,10.1797,76.2097
Punjab,Bhambia Bhai,30.4812,75.094
Maharashtra,Sangola,17.4378,75.1939
Bihar,Sheohar,26.52,85.3
West Bengal,Kuli,24.7366,87.9426
Telangana,Kalwakurti,16.65,78.48
Karnataka,Devanhalli,13.23,77.7
Tamil Nadu,Gingee,12.2528,79.4173
Rajasthan,Saila,25.333,72.367
Kerala,Karakurisshi,10.9667,76.4917
Karnataka,Kushtagi,15.7562,76.1911
Kerala,Kanavaikuli,9.85,76.94
Madhya Pradesh,Aron,24.3811,77.4174
Bihar,Dhabauli,25.8346,86.8057
Bihar,Goriar,25.5513,87.2046
Tamil Nadu,Vilangudi,9.9458,78.0935
Bihar,Malmal,26.4833,86.05
Gujarat,Umargam,20.2,72.75
Jharkhand,Barughutu,23.8038,85.5555
Maharashtra,Wasi,18.5422,75.7789
West Bengal,Nibria,22.61,88.25
Puducherry,Mattul,11.958,75.2942
Gujarat,Vadnagar,23.785,72.64
Uttar Pradesh,Charkhari,25.4,79.75
Kerala,Paivalike,12.6875,74.9833
Madhya Pradesh,Khategaon,22.5957,76.9133
Tamil Nadu,Tudiyalur,11.0816,76.9446
Kerala,Poruvakara,9.0667,76.6333
Bihar,Amarpur,25.0397,86.9025
Andhra Pradesh,Tanguturu,15.35,80.05
Maharashtra,Mukher,18.7008,77.3628
Bihar,Parsa,26.0021,84.5979
Madhya Pradesh,Pachor,23.7098,76.7339
Tamil Nadu,Padiyanallur,13.2004,80.1761
Bihar,Kantai,26.2142,85.2975
Gujarat,Rardhu,22.643,72.7762
Kerala,Rayamangalam,10.0879,76.5088
Bihar,Patjirwa,26.8084,84.3847
Andhra Pradesh,Suluru,13.7,80.018
Bihar,Nasriganj,25.0514,84.3284
Jammu and Kashmir,Bandipura,34.4167,74.65
Karnataka,Konnur,16.2013,74.7436
Kerala,Vandikarai,9.9912,76.805
Rajasthan,Sadri,25.18,73.43
Telangana,Ayyagarpet,17.2197,80.8339
Assam,Nalbari,26.445,91.44
Andhra Pradesh,Penukonda,14.085,77.596
Kerala,Balussheri,11.45,75.83
Kerala,Varandarapilli,10.4167,76.3333
Bihar,Bihpur,25.3889,86.9337
Kerala,Pallippurattuseri,9.7566,76.3607
Bihar,Nokha,25.1015,84.1228
Uttar Pradesh,Bhander,25.7358,78.7456
Karnataka,Haliyal,15.3294,74.7633
Uttar Pradesh,Debiapur,26.6358,79.5733
Kerala,Ezhipram,9.8233,76.31
Assam,Digboi,27.3932,95.6184
Andhra Pradesh,Parimpudi,17.1171,81.4342
Karnataka,Afzalpur,17.2011,76.3611
Kerala,Irimbiliyam,10.8667,76.0833
Tamil Nadu,Kuzhittura,8.3165,77.2061
Maharashtra,Raver,21.2431,76.0333
Karnataka,Malebennur,14.3537,75.74
Bihar,Madhura,26.3388,87.1027
Telangana,Amangal,16.8499,78.5327
Karnataka,Bagepalli,13.78,77.79
Andhra Pradesh,Payakaraopeta,17.3627,82.5572
Punjab,Basi,30.5872,76.8428
Kerala,Kadappuram,10.55,76.1167
Bihar,Nainijor,25.6811,84.3456
Tamil Nadu,Nelliyalam,11.5255,76.3589
Assam,Margherita,27.28,95.68
Bihar,Maner,25.65,84.88
Tamil Nadu,Kulasekharapuram,8.15,77.5
Tamil Nadu,Pappakurichchi,10.8137,78.7481
Andhra Pradesh,Pamidi,14.95,77.5833
Kerala,Kadambanad,9.1167,76.6833
Chandigarh,Kararan,30.772,76.7959
Bihar,Areraj,26.5527,84.6726
Tamil Nadu,Madattukkulam,10.5587,77.366
Kerala,Kalikavu,11.172,76.3211
Uttar Pradesh,Gursarai,25.62,79.18
Jammu and Kashmir,Punch,33.7703,74.0925
Tamil Nadu,Vadippatti,10.0843,77.9634
Karnataka,Bankapur,14.923,75.2622
Tamil Nadu,Shencottah,8.9733,77.2464
Tamil Nadu,Magilampupuram,8.8408,78.1497
Kerala,Tuvur,11.1,76.2833
Karnataka,Srinivaspur,13.3378,78.2122
Kerala,Trikkunnapuzha,9.25,76.4
Bihar,Thatha,25.4988,86.5908
Gujarat,Gadhada,21.97,71.57
Kerala,Meppayyur,11.5167,75.7
Uttar Pradesh,Soron,27.88,78.75
Kerala,Alattur,10.6481,76.5383
Odisha,Bhuban,20.882,85.8333
Andhra Pradesh,Mamidalapadu,15.831,78.05
Tamil Nadu,Wellington,11.3655,76.7844
Kerala,Nediyanad,11.1297,76.0021
Kerala,Nannamukku,10.7167,76.0333
Gujarat,Talaja,21.35,72.05
Kerala,Kuppadi,11.6792,76.2625
Bihar,Dalsingh Sarai,25.668,85.8364
Tamil Nadu,Chettipalaiyam,11.1667,77.335
Bihar,Silao,25.0836,85.428
Rajasthan,Rajgarh,27.236,76.622
Bihar,Manihari,25.35,87.63
Madhya Pradesh,Lauri,25.1396,80.0011
Bihar,Ghataro Chaturbhuj,25.8146,85.1862
Uttar Pradesh,Shahganj,26.056,82.682
Madhya Pradesh,Manasa,24.48,75.15
Punjab,Dasuya,31.8168,75.6531
Kerala,Perumbalam,10.8311,76.043
Karnataka,Nyamti,14.14,75.56
Odisha,Deogarh,21.5383,84.7334
Odisha,Kantabanji,20.4671,82.9204
Bihar,Ahmadabad,25.3019,87.7938
Tamil Nadu,Karumandi Chellipalaiyam,11.3019,77.586
Karnataka,Maski,15.9581,76.6569
Kerala,Tamarakulam,9.4833,76.5
West Bengal,Panchla,22.54,88.14
Himachal Pradesh,Mandi,31.7069,76.9317
Kerala,Mavelikara,9.267,76.55
Madhya Pradesh,Mauganj,24.68,81.88
Madhya Pradesh,Beohari,24.0242,81.3783
Rajasthan,Nadbai,27.23,77.2
Punjab,Dinanagar,32.15,75.4667
Tamil Nadu,Virakeralam,11.0077,76.9126
Assam,Rangia,26.47,91.63
Kerala,Elakadu,8.9009,76.8357
Karnataka,Gundlupet,11.8,76.68
Uttar Pradesh,Reoti,25.85,84.3833
West Bengal,Panchanandapur,24.9339,87.9761
Kerala,Cheranallur,10.1807,76.4792
Madhya Pradesh,Ubaidullahganj,22.9983,77.5862
Bihar,Koelwar,25.5805,84.7975
Andhra Pradesh,Narasannapeta,18.4167,84.05
Bihar,Rasiari,26.0464,86.3471
Bihar,Mirganj,26.3638,84.364
Tamil Nadu,Mel Bhuvanagiri,11.438,79.6328
Kerala,Kudlu,12.526,74.9687
Karnataka,Tekkalakote,15.5348,76.8785
Karnataka,Talikota,16.48,76.32
Bihar,Sograha,25.4798,85.9992
Tamil Nadu,Vadakkanandal,11.7739,78.8666
Andhra Pradesh,Buddayyakota,13.8196,78.1729
Andhra Pradesh,Kottakota,13.6592,78.2467
Andhra Pradesh,Guruzala,16.58,79.57
Punjab,Budhlada,29.93,75.57
Bihar,Jirwa,26.0064,86.8604
Assam,Mankachar,25.53,89.87
Assam,Dum Duma,27.5688,95.5566
Uttar Pradesh,Suar,29.027,79.057
Andhra Pradesh,Guduru,15.775,77.807
Rajasthan,Ringas,27.37,75.57
Jammu and Kashmir,Bijbiara,33.7938,75.107
Bihar,Baruni,25.4751,85.9681
Tamil Nadu,Vadakku Viravanallur,8.6979,77.5192
Kerala,Elangunnapuzha,10.0167,76.2167
Rajasthan,Phulera,26.874,75.2417
Karnataka,Terdal,16.5,75.05
Andhra Pradesh,Renigunta,13.65,79.52
Uttar Pradesh,Sandi,27.3,79.95
Uttar Pradesh,Gahmar,25.497,83.822
Assam,Mangaldai,26.43,92.03
Tamil Nadu,Dharmapuram,8.1203,77.389
Tamil Nadu,Tiruppattur,10.13,78.62
Bihar,Rampur,26.2126,87.2491
Andhra Pradesh,Chintalapudi,17.0417,80.5901
Bihar,Masrakh,26.1054,84.8026
Tamil Nadu,Mannachchanellur,10.9078,78.7022
Kerala,Krishnapuram,9.15,76.5
West Bengal,Jaynagar-Majilpur,22.1752,88.4201
West Bengal,Gilarchat,22.0703,88.4455
Gujarat,Jodhpur,21.88,70.03
Telangana,Chevella,17.3067,78.1353
Gujarat,Dhrol,22.57,70.42
Kerala,Vesala,12.162,75.4956
Bihar,Jharka,26.3047,85.6686
Tamil Nadu,Perunkalattu,12.9182,80.0824
Himachal Pradesh,Kotal,31.757,76.8729
Karnataka,Gokarn,14.55,74.3167
Odisha,Polasara,19.6939,84.814
Karnataka,Karkala,13.2,74.983
Kerala,Vayakkalattu,8.5285,77.1035
Punjab,Raman,29.9504,74.9785
Tamil Nadu,Kadamalaikkundu,9.811,77.5039
Maharashtra,Ladkhed,20.32,77.77
Madhya Pradesh,Mungaoli,24.4084,78.0959
Gujarat,Chhota Udepur,22.3056,74.0139
Kerala,Karavaram,8.7127,76.9524
Gujarat,Koba,21.2844,72.8763
Bihar,Bishunpur Sundar,26.0579,86.9833
Madhya Pradesh,Seondha,26.1542,78.7812
Kerala,Cherukolattur,11.1881,75.9173
Tamil Nadu,Chinna Salem,11.6342,78.8741
Kerala,Vorkadi,12.7598,74.9311
Uttar Pradesh,Safipur,26.73,80.35
Madhya Pradesh,Nagod,24.5692,80.5881
Telangana,Netapur Tanda,16.8321,79.4356
Kerala,Nanminda,11.4222,75.8319
Bihar,Kako,25.2259,85.0642
Gujarat,Tarkeshwar,21.0957,72.8225
Tamil Nadu,Sirumugai,11.3214,77.0052
Bihar,Chainpura,25.52,86.31
Rajasthan,Nagar,27.4247,77.0995
West Bengal,Raghunathpur,23.55,86.67
Gujarat,Vijapur,23.57,72.75
Kerala,Niramaruthur,10.9267,75.9033
Andhra Pradesh,Poranki,16.4743,80.7128
Tamil Nadu,Nettappakkam,11.8663,79.6327
Tamil Nadu,Mannadipattu,11.9842,79.6321
Bihar,Bathnaha,26.6433,85.5747
Uttarakhand,Pauri,30.15,78.78
Tamil Nadu,Kiranur,11.692,79.2899
Kerala,Chengannur,9.3157,76.6151
Bihar,Nonahi,26.7892,85.6482
Kerala,Karunagapalli,9.0544,76.5353
Madhya Pradesh,Timurni,22.3712,77.2274
Karnataka,Jevargi,17.0139,76.7732
Gujarat,Babra,21.8442,71.3042
Tamil Nadu,Merkanam,12.1942,79.9435
Karnataka,Wadi,17.07,76.98
Tamil Nadu,Ilaiyankudi,9.6271,78.6247
Karnataka,Mudgal,16.0119,76.442
West Bengal,Saranga,22.54,88.21
Tamil Nadu,Uttaramerur,12.616,79.753
West Bengal,Kola,22.43,87.87
Jharkhand,Latehar,23.7442,84.4998
Uttarakhand,Paonta Sahib,30.438,77.624
Maharashtra,Tirora,21.4072,79.9326
Karnataka,Banhatti,16.3853,75.1494
Tamil Nadu,Vasudevanallur,9.2417,77.4118
Bihar,Gulam,25.7965,86.7416
Madhya Pradesh,Kasrawad,22.1274,75.611
Madhya Pradesh,Panagar,23.3,79.98
Tamil Nadu,Pallappatti,10.7198,77.8915
Bihar,Sahibpur Kamal,25.4167,86.3901
Uttar Pradesh,Sohwal,26.75,81.9861
Haryana,Rania,29.53,74.83
Mizoram,Saiha,22.48,92.97
Assam,Namrup,27.1939,95.3193
Kerala,Kadavur,9.3333,76.5333
Uttar Pradesh,Sahjanwa,26.75,83.2167
Madhya Pradesh,Rajakheri,23.8593,78.7852
Gujarat,Jafarabad,20.8667,71.3667
Karnataka,Shrirangapattana,12.414,76.704
Bihar,Nabinagar,24.62,84.12
Madhya Pradesh,Sohagpur,22.7,78.2
Uttar Pradesh,Barwa Sagar,25.3799,78.739
Bihar,Barki Ballia,25.4223,86.2758
Bihar,Simria,25.9663,85.8324
Kerala,Trikodi,11.4667,75.6167
Karnataka,Hukeri,16.23,74.6
Bihar,Naubatpur,25.5,84.9611
Kerala,Pathiyanikunnu,8.7733,76.8801
Andhra Pradesh,Attili,16.7,81.6
Gujarat,Khed Brahma,24.0283,73.0414
Kerala,Ayirurpara,8.503,76.9522
Maharashtra,Parner,19.003,74.438
Punjab,Lalru,30.4867,76.8006
Rajasthan,Singhana,27.98,75.8
Maharashtra,Kalamner,20.4444,78.3256
Gujarat,Sojitra,22.55,72.7197
Haryana,Madha,29.1966,76.0653
Gujarat,Chanasma,23.72,72.12
Andhra Pradesh,Vodurivandlagudem,16.4286,81.133
Uttar Pradesh,Khiria Jhansi,25.4639,78.5829
Gujarat,Ladol,23.6167,72.7333
Maharashtra,Kali,19.9388,77.7329
Haryana,Data,29.267,75.995
Maharashtra,Malanvadi,16.008,73.687
Bihar,Simaria,25.4221,86.006
Uttar Pradesh,Sidhauli,27.28,80.83
Punjab,Tapa,30.2979,75.3694
Karnataka,Paduvari,13.8833,74.6333
Telangana,Gajwel,17.8517,78.6828
Karnataka,Baindur,13.866,74.6333
Karnataka,Mundargi,15.207,75.884
Madhya Pradesh,Nainpur,22.43,80.12
Jharkhand,Dugda,23.7452,86.1717
Kerala,Karukurti,10.2167,76.3833
Gujarat,Kalavad,22.22,70.38
Kerala,Edavanakad,10.015,76.22
Assam,Rangapara,26.8377,92.6688
Andhra Pradesh,Maduru,14.7616,78.6171
Kerala,Cherukara,9.4667,76.6
Kerala,Valambur,11,76.2
Bihar,Raghopur,25.5323,85.3809
Maharashtra,Ghoti Budrukh,19.7167,73.6333
Bihar,Sirmatpur,25.3235,87.3836
Punjab,Banga,31.1887,75.9949
Kerala,Turuttikkara,8.9438,76.6039
Tamil Nadu,Nazareth,8.558,77.96
Bihar,Basopatti,26.578,86.0052
Kerala,Kuttampuzha,10.15,76.7333
Jharkhand,Khalari,23.6506,85.0074
Rajasthan,Shivganj,25.15,73.07
Tamil Nadu,Podaturpeta,13.2817,79.4854
Bihar,Mairwa,26.2322,84.1635
Bihar,Panapur,25.6729,85.0715
Odisha,Patnagarh,20.7083,83.1326
Tamil Nadu,Narasingapuram,11.6038,78.5778
Odisha,Chandili,19.2467,83.4058
Arunachal Pradesh,Pasighat,28.07,95.33
Kerala,Naduvannur,11.4833,75.7667
Tamil Nadu,Palakodu,12.3037,78.073
Madhya Pradesh,Shamgarh,24.18,75.63
Karnataka,Navalgund,15.57,75.37
Andhra Pradesh,Pata Kalidindi,16.5014,81.2908
Bihar,Ramdiri,25.3118,86.1023
Andhra Pradesh,Gorantla,13.9892,77.7703
Tamil Nadu,Irugur,11.0178,77.0629
Andhra Pradesh,Kottapeta,16.7167,81.9
Kerala,Cheruvaranam,9.6522,76.3179
Bihar,Sirkhandi Bhitha,26.6244,85.7787
Rajasthan,Dungra Chhota,23.1667,74.3
Andhra Pradesh,Aklvidu,16.6,81.3833
Bihar,Andhra Tharhi,26.3771,86.3341
West Bengal,Nij Khari,22.0929,88.4288
Tamil Nadu,Tirumuruganpundi,11.1649,77.3084
Kerala,Parambatt Kavu,11.3268,75.8906
Uttar Pradesh,Tulsipur,27.55,82.42
Rajasthan,Pindwara,24.7945,73.055
Odisha,Dhamnagar,20.9141,86.4468
Madhya Pradesh,Khajuraho,24.85,79.925
Uttar Pradesh,Purwa,26.47,80.78
Uttar Pradesh,Sahaspur,29.1208,78.6208
Uttar Pradesh,Sahawar,27.8,78.85
Andhra Pradesh,Vinnamala,13.9074,79.9086
Jharkhand,Bundu,23.1609,85.5901
Karnataka,Channagiri,14.024,75.9258
West Bengal,Balarampur,23.12,86.22
Telangana,Ashwaraopeta,17.25,81.1333
Tamil Nadu,Tirutturaippundi,10.53,79.65
Bihar,Garhara,25.4407,85.9983
Kerala,Panmana,8.9333,76.6167
Rajasthan,Asan,25.73,74.33
Bihar,Nagarpara,25.4155,86.8832
Kerala,Paruthur,10.8174,76.1178
Uttar Pradesh,Saidpur,25.55,83.18
Andhra Pradesh,Singarayakonda,15.25,80.0203
Tamil Nadu,Pallapatti,9.4664,77.8219
Kerala,Iringal,11.5667,75.6
Madhya Pradesh,Bijawar,24.6235,79.4899
Tamil Nadu,Velur,11.1114,78.0048
Arunachal Pradesh,Koloriang,27.9167,93.35
Bihar,Baheri,25.9426,86.0471
Bihar,Maharajgani,26.1075,84.5025
Kerala,Ayanavelikulangara Tekku,9.0436,76.5199
Bihar,Umga,24.6396,84.5577
Madhya Pradesh,Mau,26.2658,78.6711
Manipur,Mayang Imphal,24.6,93.9
Tamil Nadu,Vettakkaranpudur,10.5637,76.9166
Tamil Nadu,Ponneri,13.32,80.2
Tamil Nadu,Naravarikuppam,13.1913,80.1847
Karnataka,Halikner,17.85,77.27
Madhya Pradesh,Maksi,23.26,76.1457
Andhra Pradesh,Mogalturru,16.4167,81.6
Andhra Pradesh,Ukkayapalle,14.4898,78.8927
Andhra Pradesh,Kosigi,15.85,77.2667
Maharashtra,Loha,18.9623,77.1309
Tamil Nadu,Tiruvattar,8.3307,77.2673
Andhra Pradesh,Sundararaopeta,16.8031,81.6419
Kerala,Alwaye,10.1167,76.35
Bihar,Jaisinghpur,26.6318,84.7855
Bihar,Sangrampur,26.4752,84.6898
Kerala,Arttuvattala,9.5167,76.3167
Bihar,Siswa,26.7027,84.9133
Tamil Nadu,Suleswaranpatti,10.6388,77.0084
Andhra Pradesh,Yadiki,15.05,77.88
Uttarakhand,Tehri,30.38,78.48
Madhya Pradesh,Maheshwar,22.11,75.35
Kerala,Payipira,10.025,76.5569
Uttar Pradesh,Sikandarpur,26.0333,84.05
Tamil Nadu,Pennadam,11.4039,79.2416
Madhya Pradesh,Shahpur,21.2374,76.2256
Kerala,Neduvattur,8.9931,76.75
Kerala,Puyappalli,8.9,76.75
Uttar Pradesh,Usia,25.4309,83.7075
Tamil Nadu,Sendamangalam,11.2825,78.2339
West Bengal,Matabhanga,26.33,89.22
Karnataka,Mulgund,15.2807,75.5213
Kerala,Peringuzha,9.9667,76.4167
Bihar,Karian,25.8594,86.0104
Andhra Pradesh,Koilkuntla,15.2333,78.3167
Karnataka,Herohalli,12.9911,77.4873
Tamil Nadu,Mulakumud,8.2681,77.286
Tamil Nadu,Annur,11.2325,77.1069
Jharkhand,Kuju,23.7254,85.5102
Karnataka,Hungund,16.0621,76.0586
Bihar,Kumar Khad,26.5918,86.264
Karnataka,Sulya,12.561,75.3874
Bihar,Bithar,26.6294,85.7697
Gujarat,Dakor,22.75,73.15
Gujarat,Vallabh Vidyanagar,22.56,72.95
Andhra Pradesh,Tirumala,13.6833,79.35
Tamil Nadu,Verukulambu,8.2953,77.2939
Kerala,Elukone,8.9667,76.7167
Tamil Nadu,Lalgudi,10.87,78.83
Andhra Pradesh,Avanigadda,16.0197,80.92
Bihar,Birpur,26.5082,87.0119
Andhra Pradesh,Mummidivaram,16.65,82.1167
Kerala,Puduva,9.977,76.226
Kerala,Devikolam,10.0626,77.104
Kerala,Karavalur,8.9833,76.925
Tamil Nadu,Silappadi,10.394,78.0078
Tamil Nadu,Tirukkalikkunram,12.6092,80.0675
Uttar Pradesh,Anupshahr,28.37,78.27
Punjab,Sanaur,30.3018,76.4579
Tamil Nadu,Alangulam,8.864,77.4994
Karnataka,Yellapur,14.9637,74.7093
Madhya Pradesh,Rajpur,21.9402,75.1361
West Bengal,Chandrakona,22.73,87.52
Kerala,Mannamturuttu,9.9008,76.39
Jammu and Kashmir,Kulgam,33.64,75.02
Uttar Pradesh,Shamsabad,27.5364,79.4394
Tamil Nadu,Perungudi,8.2792,77.6031
Andhra Pradesh,Kotturu,17.0436,81.7705
Rajasthan,Toda Rai Singh,26.0167,75.4833
Kerala,Peravur,11.8962,75.7342
Andhra Pradesh,Gollapudi,16.5412,80.5784
Assam,Dhing,26.4679,92.4734
Bihar,Belsand,26.4436,85.4008
Karnataka,Honavar,14.2809,74.445
Kerala,Arukutti,9.8309,76.427
Tamil Nadu,Nayanakulam,9.9611,78.1371
Bihar,Koili Simra,25.4714,87.2175
Bihar,Chanaur,25.851,86.6739
Assam,Gauripur,26.08,89.97
Assam,Kharupatia,26.5184,92.1472
Delhi,Madangir,28.3553,76.9327
Madhya Pradesh,Rampura,24.467,75.44
Madhya Pradesh,Badnawar,23.0218,75.2327
Tripura,Kailashahar,24.33,92.02
Tamil Nadu,Srvanampatti,11.0764,77.0045
Madhya Pradesh,Burhar,23.2149,81.532
Goa,Ponda,15.4034,74.0152
Kerala,Vanimel,11.7197,75.699
Bihar,Dighwa,26.2437,84.7532
Karnataka,Sakleshpur,12.893,75.725
Rajasthan,Sandwa,27.75,74.1667
Kerala,Tazhava,9.0833,76.5333
Kerala,Madappalli,9.0833,76.5333
Kerala,Piravanthur,9.05,76.9167
Rajasthan,Mandawa,28.0554,75.1483
Kerala,Minja,12.7083,74.95
Karnataka,Ron,15.67,75.73
Kerala,Kedavur,11.4167,75.9333
Kerala,Mulampilli,10.1083,76.4167
Bihar,Tekari,24.9425,84.8427
Kerala,Vaikam,9.75,76.3928
Himachal Pradesh,Kun Puhal,33.0058,76.5334
Punjab,Samrala,30.836,76.1932
Jharkhand,Kedia,23.7945,85.5872
Andhra Pradesh,Patakakani,16.34,80.4908
Kerala,Manambur,8.7206,76.7635
Tamil Nadu,Tranquebar,11.0292,79.8494
Kerala,Kazhukambalam,10.0333,76.4
Kerala,Ponmundam,10.9628,75.9519
Kerala,Kannamangalam Tekku,9.2167,76.4833
Odisha,Sonepur,20.8333,83.9167
Andhra Pradesh,Ravulapalem,16.4833,81.9833
Uttar Pradesh,Lalganj,26.1277,80.7855
Bihar,Mahthi,25.7281,86.0093
Bihar,Singhara Buzurg,25.7964,85.4539
Kerala,Vuliyattara,8.5933,76.9506
Assam,Sonari,27.0246,95.0163
Kerala,Engandiyur,10.5,76.04
Madhya Pradesh,Khirkiyan,22.1673,76.8614
Tamil Nadu,Vilachcheri,9.8937,78.0603
Tamil Nadu,Pallikondai,12.9167,78.9333
Telangana,Asafabad,19.365,79.274
Andhra Pradesh,Velugodu,15.7817,78.6892
Bihar,Koiri Bigha,25.2167,85.0667
Kerala,Anjarkandi,11.8822,75.5097
Tamil Nadu,Kulattuppalaiyam,10.7613,77.5843
Bihar,Khaira Tola,26.8958,84.1403
Madhya Pradesh,Dindori,22.9414,81.0797
Kerala,Vandiperiyar,9.57,77.0906
Bihar,Latauna,26.0912,86.8809
Tamil Nadu,Muttupet,10.395,79.4935
Rajasthan,Abu,24.5925,72.7083
Bihar,Bhiraha,25.7978,86.0736
Tamil Nadu,Vadakarai Kil Pidagai,9.0401,77.2741
Tamil Nadu,Vellalur,10.9775,77.026
West Bengal,Mahadebnagar,24.6896,87.9384
Bihar,Bhadas,25.5184,86.4434
Rajasthan,Nayagaon,26.7486,76.3273
Jharkhand,Chitarpur,23.5794,85.6548
Gujarat,Ahwa,20.75,73.6833
Maharashtra,Pawni,20.78,79.63
Telangana,Cherial,17.9264,78.9719
Nagaland,Zunheboto,26.0146,94.5264
Kerala,Pulimathu,8.742,76.8941
Uttar Pradesh,Achhnera,27.18,77.77
Madhya Pradesh,Gormi,26.6003,78.5119
Kerala,Pariyapuram,11.0146,75.8746
Kerala,Kavallemmavu,9.4361,76.8819
Jharkhand,Kodarma,24.4675,85.594
Bihar,Kaler,25.118,84.4955
Andhra Pradesh,Kanchika,16.6856,80.3892
Madhya Pradesh,Nasrullahganj,22.6837,77.2707
Jammu and Kashmir,Vernag,33.5377,75.2503
Kerala,Vayanur,12.0699,75.6825
Kerala,Chunakara Vadakku,9.1853,76.5995
Goa,Curchorem,15.2603,74.1083
Karnataka,Kerur,16.0138,75.5463
Telangana,Madira,16.9167,80.3667
Tamil Nadu,Kittanapalli,12.5133,78.1844
Bihar,Muradpur,25.8,86.0055
Uttar Pradesh,Nakur,29.9189,77.3044
Bihar,Dalan,25.603,87.5592
Madhya Pradesh,Patharia,23.8992,79.1939
Tamil Nadu,Mallasamudram,11.4933,78.0312
Manipur,Moirang,24.349,93.69
Bihar,Dip,26.2369,86.3107
West Bengal,Bagula,23.335,88.644
Kerala,Pullappalli,9.6833,76.6167
Karnataka,Chincholi,17.4651,77.4187
Kerala,Manimala,9.5736,77.0819
Telangana,Timmapur,19.0484,78.6414
Jharkhand,Hirpardangal,24.0474,86.8648
Karnataka,Manki,14.1789,74.4818
Tamil Nadu,Cholavandan,10.0167,77.9667
Kerala,Talayolaparambu,9.785,76.4481
Punjab,Raman Mandi,29.9504,74.9619
Jharkhand,Pokhuria,25.2379,87.6459
Tamil Nadu,Vengattur,13.0999,79.9321
Kerala,Melila,9.0083,76.85
Karnataka,Bobleshwar,16.83,75.73
Madhya Pradesh,Katangi,23.4412,79.7962
Telangana,Jogipet,17.8356,78.0681
Tamil Nadu,Hulikal,11.3193,76.7732
Kerala,Chavassheri,11.9647,75.6176
Kerala,Chatayamangalam,8.8421,76.8644
Kerala,Kondazhi,10.727,76.3954
Kerala,Pullanpallikonam,8.6976,76.9582
Karnataka,Aymangala,12.0333,75.7333
Bihar,Sarea Khas,26.635,84.5483
Madhya Pradesh,Junnardev,22.2,78.58
Jharkhand,Bermo,23.7878,85.9353
Tamil Nadu,Perundurai,11.2777,77.5837
Karnataka,Gurmatkal,16.8677,77.3909
Rajasthan,Sambhar,26.9121,75.1836
Bihar,Taulaha,26.9566,84.0731
Punjab,Bhawanigarh,30.27,76.04
Kerala,Panniyannur,11.7538,75.5528
Gujarat,Prantij,23.4384,72.8572
Tamil Nadu,Tiruttangal,9.4833,77.8333
Uttarakhand,Nagla,29.01,79.51
Andhra Pradesh,Ankireddikuntapalem,15.9154,80.2108
Uttarakhand,Bhatpuri,29.17,79.16
Bihar,Chausa,25.5283,87.0322
Tamil Nadu,Singampunari,10.1815,78.4231
Kerala,Athiringal,9.0667,76.5
Tamil Nadu,Alangayam,12.6223,78.7521
Karnataka,Kundgol,15.2561,75.2474
West Bengal,Metekora,22.1189,88.5772
Telangana,Dasnapur,19.4482,78.6129
Uttar Pradesh,Khorabar,26.741,83.888
Tamil Nadu,Tiruverumbur,10.7937,78.769
Madhya Pradesh,Zirapur,24.0222,76.3771
Bihar,Simaria,25.5671,87.4929
Uttar Pradesh,Adalhat,25.282,82.9563
Tamil Nadu,Kondalampatti,11.6262,78.1189
Kerala,Pattiyurgramam,9.2,76.5
Karnataka,Gubbi,13.3122,76.941
Bihar,Bakhri,25.5989,86.2607
Kerala,Vellithiruthi,10.6434,76.1624
Telangana,Sarapaka,17.6922,80.8614
Kerala,Vayalar,9.775,76.4292
Karnataka,Katkol,15.95,75.3
Gujarat,Bhanvad,21.93,69.78
Kerala,Pirmed,9.3667,76.8708
Punjab,Talwandi Sabo,29.9838,75.082
Uttar Pradesh,Madhupur,24.7,83.02
Tamil Nadu,Peravurani,10.3,79.18
Assam,Howli,26.4224,90.98
Telangana,Husnabad,17.0667,77.65
West Bengal,Kalchini,26.6889,89.4483
Bihar,Parsagarhi,26.0935,87.0672
Punjab,Adampur,31.4322,75.7148
Madhya Pradesh,Chhanera,21.623,76.372
Telangana,Aswapuram,17.8348,80.8236
Rajasthan,Khandela,27.36,75.3
Madhya Pradesh,Jawad,24.5992,74.8626
Karnataka,Naregal,15.5732,75.808
Punjab,Jugial,32.3684,75.6782
Andhra Pradesh,Bukkarayasamudram,14.6944,77.6381
Madhya Pradesh,Unchahra,24.3825,80.7809
Jammu and Kashmir,Dras,34.4468,75.7586
Andhra Pradesh,Kuppam,12.75,78.37
Bihar,Chakia,26.416,85.0467
Telangana,Pocharam,17.4255,78.645
Kerala,Ramantali,12.05,75.1833
West Bengal,Kachhari,22.0808,88.6511
Gujarat,Vanthli,21.4778,70.3306
Bihar,Rajauli,24.6449,85.5003
Rajasthan,Mangrol,25.33,76.52
Maharashtra,Mangalvedha,17.5167,75.4667
Bihar,Danwan,25.5292,84.4598
Kerala,Puttige,12.6191,75.0129
Maharashtra,Soyagaon,20.5514,74.5072
Kerala,Kizhakkemanad,9.0174,76.6509
Kerala,Pallippuram,10.8406,76.1118
Kerala,Muzhakkunnu,11.9528,75.6694
Punjab,Morinda,30.79,76.5
Bihar,Jaynagar,26.5925,86.1372
Kerala,Tuneri,11.6833,75.6167
Gujarat,Surpur,23.1895,73.8928
Madhya Pradesh,Bhanpura,24.5108,75.7483
Bihar,Chatra Gobraura,26.4973,86.2179
Andhra Pradesh,Mailavaram,16.7833,80.6333
Maharashtra,Shendurjana,21.5217,78.2908
Bihar,Sarai Ranjan,25.7671,85.7245
Odisha,Banapur,19.7789,85.1703
Tamil Nadu,Anamalais,10.583,76.9344
Kerala,Kalleribhagam,9.05,76.55
Kerala,Vamanapuram,8.7251,76.9012
Kerala,Idukki,9.85,76.97
Andhra Pradesh,Vendram,16.562,81.4696
Andhra Pradesh,Chagallu,16.9833,81.6667
Bihar,Qadirganj,24.9138,85.5926
Tamil Nadu,Kadiapattanam,8.1312,77.3067
Jammu and Kashmir,Pampur,34.02,74.93
West Bengal,Senda,24.4017,87.9875
Tamil Nadu,Nangavaram,10.8692,78.5392
Tamil Nadu,Papanasam,10.9273,79.2708
Bihar,Jaipur Chuhar,25.4187,86.8352
Madhya Pradesh,Anuppur,23.1034,81.6908
Jharkhand,Kanke,23.4348,85.3206
Bihar,Raja Pakar,25.735,85.3376
Tamil Nadu,Tiruvankod,8.2452,77.301
Rajasthan,Pushkar,26.4877,74.5559
Tamil Nadu,Nerupperichchal,11.161,77.374
Madhya Pradesh,Amarpatan,24.3137,80.977
Tamil Nadu,Mandapam,9.2822,79.1436
Andhra Pradesh,Pakala,13.4667,79.1167
Kerala,Kalpakathukonam,8.8325,76.7453
Tamil Nadu,Naranammalpuram,8.7599,77.7399
Tamil Nadu,Sermadevi,8.6873,77.5662
Karnataka,Alnavar,15.4273,74.7411
Assam,North Guwahati,26.19,91.71
Kerala,Muthutala,10.78,76.17
Kerala,Kodikuthi,9.4667,76.95
Andhra Pradesh,Madakasira,13.9369,77.2694
Andhra Pradesh,Ganapavaram,16.1233,80.1721
Tamil Nadu,Paravai,9.969,78.0613
Andhra Pradesh,Pendurti,17.8278,83.2022
Bihar,Bariarpur,25.686,86.0295
Tamil Nadu,Andippatti,9.998,77.621
Andhra Pradesh,Maruturu,15.9862,80.1041
Jharkhand,Noamundi,22.1609,85.5042
Tamil Nadu,Srivaikuntam,8.6318,77.913
Andhra Pradesh,Pamarru,16.327,80.961
Karnataka,Shirhatti,15.2313,75.5772
Tripura,Khowai,24.065,91.605
Bihar,Mohiuddinnagar,25.7428,86.0812
West Bengal,Singur,22.81,88.23
Tamil Nadu,Gummudipundi,13.3995,80.1187
Tamil Nadu,Tiruppuvanam,9.855,78.2744
Karnataka,Mundgod,14.9714,75.0366
Himachal Pradesh,Kasumpti,31.07,77.18
Tamil Nadu,Padmanabhapuram,8.2446,77.3367
Kerala,Pambadi,9.4264,76.5611
Tamil Nadu,Sriperumbudur,12.968,79.9473
Bihar,Nirmali,26.314,86.5854
Kerala,Narippatta,11.6972,75.7181
Kerala,Kaduturutti,9.7833,76.3
Andhra Pradesh,Kaikalur,16.5509,81.2
Andhra Pradesh,Chagalamarri,14.9667,78.5833
Tamil Nadu,Sevilimedu,12.8083,79.6864
Kerala,Iruttarakonam,8.5863,76.8976
Tamil Nadu,Namagiripettai,11.47,78.27
Tamil Nadu,Koduvilarpatti,9.9695,77.4915
Maharashtra,Narkher,21.4383,78.5683
Tamil Nadu,Tadikombu,10.439,77.9546
Tamil Nadu,Pillaiyarkuppam,11.8119,79.7922
Telangana,Kosgi,16.9878,77.7169
Uttar Pradesh,Parasi,24.1908,82.7817
Gujarat,Chorwad,21.0167,70.2333
Jharkhand,Ratu,23.4204,85.2146
Karnataka,Nagamangala,12.8194,76.7546
Bihar,Rupauli,25.8695,87.06
Tripura,Belonia,23.25,91.45
Gujarat,Lathi,21.45,71.38
Bihar,Sarari,26.2523,84.5484
Gujarat,Morasar,23.0942,72.5961
Tamil Nadu,Kannanendal,9.9649,78.1416
Bihar,Saurh,25.3789,86.8223
Uttar Pradesh,Raksaha,25.4444,83.6873
Tamil Nadu,Adigaratti,11.3357,76.6971
Kerala,Irukanni,11.75,76.1833
Bihar,Amodei,26.8975,84.8182
Odisha,Banki,20.3791,85.5295
West Bengal,Tehata,23.7,88.55
Tamil Nadu,Paiganapalli,12.476,78.1748
Uttar Pradesh,Phulpur,25.55,82.1
Bihar,Behat,26.2435,86.2799
Karnataka,Chinchali,16.5647,74.816
Bihar,Patpara,26.4328,86.1916
Tamil Nadu,Timmarasanayakkanur,10.0015,77.6769
Punjab,Fatehgarh Churian,31.8643,74.9567
Bihar,Manjhi,25.8384,84.5788
Jammu and Kashmir,Samba,32.5624,75.1199
Karnataka,Daddi,16.0667,74.4333
Goa,Sancoale,15.4708,73.8431
Maharashtra,Kudal,17.8356,73.9175
West Bengal,Tufanganj,26.3345,89.6699
Kerala,Vadakkum,9.0167,76.55
Madhya Pradesh,Daboh,26.0024,78.8766
Andhra Pradesh,Nizampatam,15.9,80.6667
Karnataka,Hirekerur,14.4551,75.3952
Goa,Cuncolim,15.1773,73.9939
Madhya Pradesh,Damua,22.1929,78.467
Tamil Nadu,Nambiyur,11.3581,77.3211
Kerala,Vakkam,8.69,76.77
Tamil Nadu,Pudupattanam,12.5037,80.1507
Odisha,Balugan,19.7333,85.2167
Bihar,Koath,25.3264,84.2598
Tamil Nadu,Palavur,8.2055,77.5755
Kerala,Mudakkal,8.7011,76.8589
Karnataka,Aurad,18.254,77.4176
Karnataka,Harohalli,12.3204,76.7816
Bihar,Gaura,26.48,85.39
Madhya Pradesh,Bhainsdehi,21.6449,77.6302
Karnataka,Devirammanahalli,12.1922,76.6653
Assam,Mariani,26.67,94.33
Maharashtra,Alta,17.25,74.57
Kerala,Peringanad,9.1525,76.6988
Bihar,Barhampur,26.3042,86.4729
Andhra Pradesh,Palkonda,18.6,83.75
Kerala,Puduppalli Kunnam,9.15,76.4833
Karnataka,Yermal,13.1675,74.7619
Kerala,Valljkkod,9.23,76.7711
Andhra Pradesh,Banganapalle,15.3167,78.2333
Bihar,Supaul,25.9469,86.2497
Karnataka,Kuknur,15.49,75.9914
Madhya Pradesh,Narwar,25.6439,77.9129
Kerala,Mathukumnel,9.2167,76.4583
Uttar Pradesh,Sonbarsa,25.764,84.489
Tamil Nadu,Tittagudi,11.4167,79.1167
Andhra Pradesh,Gannavaram,16.5333,80.8
Andhra Pradesh,Achampet,16.6299,80.1213
Madhya Pradesh,Kolaras,25.2193,77.6117
Kerala,Chithara,8.8025,76.9792
Madhya Pradesh,Baroda,25.5,76.65
Kerala,Muttatodi,12.5417,75.0194
Andhra Pradesh,Vinjamur,14.833,79.583
Andhra Pradesh,Kamalapuram,14.5833,78.65
Bihar,Hardi,26.0785,86.6809
Kerala,Patuvilayi,11.8667,75.5194
Madhya Pradesh,Jatara,25.0096,79.0487
Maharashtra,Savda,21.15,75.88
Karnataka,Chintalapalle,15.04,76.2
Punjab,Sultanpur,31.2235,75.2041
Karnataka,Honnali,14.2399,75.6474
Kerala,Maniyamturuttu,9.7943,76.4179
Madhya Pradesh,Sonkach,22.9717,76.3467
Tamil Nadu,Vadamadurai,10.4408,78.0978
Tamil Nadu,Madipakkam,12.9623,80.1986
Tamil Nadu,Chennimalai,11.1638,77.6039
Uttar Pradesh,Muhammadabad,27.3333,79.5
Andhra Pradesh,Nellimarla,18.1667,83.4333
Assam,Nahorkatiya,27.2891,95.3418
Bihar,Bhojpur Kadim,25.5841,84.1265
Andhra Pradesh,Nadikude,16.5941,79.7167
Kerala,Kizhattur,11.05,76.2167
Kerala,Keevallur,11.9167,75.55
Odisha,Baud,20.84,84.32
Kerala,Koipadi,12.5846,74.9404
Kerala,Pariyaram,12.0732,75.2917
Tamil Nadu,Chokkampatti,9.1259,77.3634
Uttar Pradesh,Naraura,28.1967,78.3814
Jharkhand,Barki Saria,24.1759,85.8894
Bihar,Ramnagar Farsahi,25.8904,87.1284
Kerala,Kuttampala,12.1216,75.4829
Tamil Nadu,Karaiyampudur,11.0077,77.2942
Uttar Pradesh,Harpalpur,25.2877,79.3328
Telangana,Makhtal,16.5012,77.5156
Gujarat,Mundra,22.85,69.73
Punjab,Dharmkot,30.9456,75.2324
Madhya Pradesh,Baihar,22.1013,80.5497
Bihar,Katakos,25.3339,87.6715
Andhra Pradesh,Chandragiri,13.5833,79.3167
Bihar,Birpur,25.5209,85.4614
Bihar,Shamgarh,25.8935,86.8759
Andhra Pradesh,Gopavaram,14.7853,78.5728
Maharashtra,Devrukh,17.065,73.6158
Tamil Nadu,Pulicat,13.4161,80.3168
Telangana,Parkal,18.2,79.7167
Andhra Pradesh,Chodavaram,17.8333,82.95
Punjab,Husainpur,31.3387,75.1969
Jammu and Kashmir,Raipura,32.788,74.7785
Uttar Pradesh,Samthar,25.84,78.9
Karnataka,Belur,13.1629,75.8571
Kerala,Edakkunnam,9.5333,76.8333
Madhya Pradesh,Khilchipur,24.0394,76.578
Bihar,Chandpur,25.5059,87.2488
Tamil Nadu,Pennagaram,12.1343,77.8952
Tamil Nadu,Tondi,9.7417,79.0177
Kerala,Talayazham,9.6986,76.4236
Telangana,Pargi,17.1756,77.8781
Tamil Nadu,Sivagiri,9.33,77.43
Tamil Nadu,Nelkattumseval,9.2361,77.4606
Andhra Pradesh,Erragondapalem,16.0397,79.3043
Karnataka,Aurad Shahjahani,18.0958,76.8881
Madhya Pradesh,Bhitarwar,25.7922,78.1108
Gujarat,Kheralu,23.88,72.62
Tamil Nadu,Mattigiri,12.698,77.8083
Tamil Nadu,Alampalaiyam,11.3635,77.7677
Madhya Pradesh,Teonthar,24.9821,81.6419
Kerala,Karukachal,9.5,76.6333
West Bengal,Farakka,24.819,87.911
Kerala,Vettikkavala,8.9833,76.8167
Uttar Pradesh,Kulpahar,25.319,79.641
Maharashtra,Lonar,19.9853,76.5205
Karnataka,Virarajendrapet,12.1964,75.8051
Madhya Pradesh,Depalpur,22.8509,75.5422
Bihar,Sidhapa,26.5355,86.3355
Rajasthan,Dhorimanna,25.1997,71.4331
Kerala,Kartikapalli,9.2603,76.4498
Madhya Pradesh,Kannod,22.6676,76.7429
Bihar,Bhopatpur,26.4495,84.8545
Kerala,Kandakkadava,9.7,76.3
Punjab,Goraya,31.1241,75.7724
Rajasthan,Shri Mahavirji,26.6833,76.9167
Karnataka,Tadas,15.1333,75.1167
Bihar,Asarganj,25.15,86.68
Uttar Pradesh,Rankhandi,29.6167,77.65
Bihar,Bhaluhar,24.82,84.65
Madhya Pradesh,Mandi Bamora,24.08,78.08
Gujarat,Bareja,22.85,72.5833
Gujarat,Sikka,22.4244,69.842
Haryana,Munak,29.5203,76.8401
Uttar Pradesh,Pirbahora,28.364,79.415
Karnataka,Hudli,15.88,74.56
Bihar,Bazidpur Madhaul,25.5236,85.4572
Rajasthan,Suroth,26.8098,77.147
Gujarat,Sujnipur,23.9667,71.8167
Andhra Pradesh,Marjampad,16.592,79.908
Punjab,Sohana,30.6833,76.7
Maharashtra,Chimthana,21.18,74.69
Telangana,Mangapet,18.25,80.52
Karnataka,Ankalgi,16.0333,74.7
Andhra Pradesh,Kothanuru,16.0022,81.0417
Karnataka,Tuminkatti,14.4131,75.6206
Maharashtra,Naranda,19.7739,79.1365
Assam,Sonaimukh,24.7333,92.8903
Punjab,Garhshankar,31.2154,76.1415
Bihar,Sanrh Majhgawan,24.6845,85.365
West Bengal,Palashi,23.8,88.25
Kerala,Kumil,8.7833,76.9333
Karnataka,Shiruru,13.908,74.6058
Kerala,Valiyakumaramangalam,9.8333,76.7833
Karnataka,Kadakola,12.1922,76.6653
Rajasthan,Bhasawar,27.0361,77.0528
Kerala,Venmani,9.2444,76.6131
Gujarat,Dharampur,20.53,73.18
Bihar,Koskapur,26.0216,87.2279
Bihar,Chatia,26.5396,84.566
West Bengal,Andal,23.6,87.2
Punjab,Dhanaula,30.28,75.58
Kerala,Palliman,8.9,76.7139
Tamil Nadu,Senapparetti,10.9625,78.1132
Uttar Pradesh,Pukhrayan,26.23,79.85
Punjab,Gil,30.8469,75.8636
Andhra Pradesh,Karlapalem,15.9333,80.55
Madhya Pradesh,Bara Malehra,24.5681,79.3069
West Bengal,Umrapur,24.5863,87.9294
Chattisgarh,Ratanpur,22.288,82.166
Andhra Pradesh,Ellamanda,16.1847,80.0546
Punjab,Khizrpur,30.5843,76.7572
Kerala,Kolavallur,11.7788,75.6298
Tamil Nadu,Jambai,11.4678,77.6434
Gujarat,Anghad,22.3913,72.9946
Kerala,Mannur,10.8027,76.4698
Bihar,Kochas,25.234,83.9215
Odisha,Kamakhyanagar,20.9338,85.5449
Tamil Nadu,Kannankurichchi,11.6969,78.1794
Kerala,Puttur,9.04,76.71
Kerala,Kattanam,9.1764,76.5641
Telangana,Ghatkesar,17.4494,78.6853
Bihar,Bishunpur,26.0868,86.6541
Tamil Nadu,Pattamadai,8.6726,77.5845
Tamil Nadu,Thimiri,12.8283,79.3079
Bihar,Beldaur,25.5947,86.7909
Bihar,Cherakhera,25.6869,86.4187
Andhra Pradesh,Kanekallu,14.8864,77.0317
Kerala,Payimattam,10.0255,76.4507
Bihar,Lehara,26.1515,86.1034
Goa,Dicholi,15.5932,73.9457
Kerala,Mokeri,11.7432,75.6178
Tamil Nadu,Katpadi,12.9695,79.1455
Tamil Nadu,Kanniyakumari,8.0883,77.5385
Andhra Pradesh,Namburu,16.36,80.52
Assam,Udalguri,26.7537,92.1021
Tamil Nadu,Budipuram,10.3606,78.0106
Madhya Pradesh,Pichor,25.1756,78.1886
Kerala,Kondur,9.6856,76.7622
Tamil Nadu,Nilakkottai,10.17,77.87
Madhya Pradesh,Hanumana,24.7789,82.096
West Bengal,Ramjibanpur,22.83,87.62
West Bengal,Mayahaura,22.1898,88.5033
Bihar,Sadpur,25.4758,86.3786
Tamil Nadu,Punjai Puliyampatti,11.3516,77.1667
Tamil Nadu,Vallam,10.7199,79.0598
Bihar,Morwa,25.803,85.6861
Bihar,Huseni,26.3768,84.7952
Bihar,Pathrajolhania,26.1369,86.6614
Karnataka,Tirthahalli,13.6884,75.2455
West Bengal,Jhalida,23.37,85.97
Uttar Pradesh,Mihona,26.2837,78.9805
Uttar Pradesh,Marahra,27.75,78.5667
Madhya Pradesh,Rajaudha,26.7046,78.4223
Bihar,Parsahi Sirsia,26.4676,86.4984
Kerala,Kalayapuram,9.0545,76.7696
West Bengal,Amta,22.5834,88.0104
Bihar,Mahinawan,26.0208,86.1672
Punjab,Tibba,30.4876,75.6967
Andhra Pradesh,Akanavaritota,16.4141,81.6367
Madhya Pradesh,Katangi,21.7737,79.8051
Odisha,Nilgiri,21.6466,86.9199
Karnataka,Jagalur,14.5196,76.3391
West Bengal,Krishnapur,24.4123,88.2582
Bihar,Sondiha,24.895,87.0175
West Bengal,Ramchandrapur,24.0154,87.9446
Bihar,Teghra English,25.4072,87.741
Telangana,Narsapur,17.7374,78.2805
Kerala,Karttigappalli,11.6,75.6667
Tamil Nadu,Samalapuram,11.0724,77.198
Tamil Nadu,Salangaippalaiyam,11.426,77.5707
Andhra Pradesh,Yandrapalle,16.0472,79.3073
Bihar,Pahsara,25.5482,86.1667
Karnataka,Kalghatgi,15.1832,74.971
Maharashtra,Shikrapur,18.6936,74.1381
Tamil Nadu,Manjathala,11.3624,76.7789
Assam,Abhayapuri,26.3225,90.6853
West Bengal,Kakdwip,21.8791,88.1913
Bihar,Rifadpur,25.2635,87.4157
Kerala,Kuttyadi,11.6542,75.7539
Kerala,Oruvadalkotta,8.4778,77.1347
Odisha,Sorada,19.7608,84.43
Bihar,Bholsar,25.2133,87.2147
Andhra Pradesh,Peruru,14.3503,77.3497
Tamil Nadu,Tevaram,9.8967,77.2809
Madhya Pradesh,Palera,25.0201,79.2282
Kerala,Panniperumthalai,10.6986,76.6875
Kerala,Assamannur,10.1129,76.5517
Bihar,Pohadi,26.0809,86.2831
Kerala,Pottanikad,10.0305,76.6753
Karnataka,Sirvar,16.1739,77.0225
Bihar,Bhojpur Jadid,25.588,84.1621
Madhya Pradesh,Indargarh,25.9109,78.5619
Bihar,Kudra,25.0463,83.7926
Madhya Pradesh,Babai,22.7026,77.9349
Bihar,Sirnia,25.4903,87.5892
Karnataka,Holalkere,14.0429,76.185
Madhya Pradesh,Garot,24.3234,75.652
Bihar,Ghosai,25.5562,87.0304
Kerala,Eruvatti,12.05,75.55
Kerala,Cheticheri,12.095,75.5451
Bihar,Rangra,25.3803,87.1866
Gujarat,Devgadh Bariya,22.7022,73.915
Odisha,Binka,21.0263,83.812
Madhya Pradesh,Khamaria,23.2129,80.0313
Bihar,Dumra,26.5671,85.5204
Rajasthan,Pokaran,26.92,71.92
Telangana,Sirpur,19.4833,79.6
Uttar Pradesh,Maghar,26.76,83.13
Bihar,Ghogardiha,26.2799,86.47
Himachal Pradesh,Raita,32.5495,76.239
Tamil Nadu,Tiruvadi,10.8805,79.1049
Assam,Biswanath Chariali,26.7278,93.1517
Karnataka,Siralkoppa,14.3807,75.2501
Kerala,Kodumba,10.7333,76.6833
Kerala,Iramala,10.0374,76.5135
Kerala,Chennirkara,9.2487,76.7248
Telangana,Mavinpalli,17.91,77.53
Bihar,Morauna,26.1706,86.4231
Madhya Pradesh,Shahgarh,24.3137,79.1181
Bihar,Shahpur,25.6029,84.4041
Bihar,Harpur,26.4527,86.071
Tamil Nadu,Nilambur,11.059,77.0838
Telangana,Chautapal,17.2508,78.8972
Kerala,Perumkulam,8.7052,76.7861
Bihar,Mahisi,25.8544,86.465
Bihar,Simri,25.6405,84.1195
West Bengal,Nalua,22.1051,88.4619
Andhra Pradesh,Chinna Ganjam,15.7,80.25
Tamil Nadu,Murugampalaiyam,11.0806,77.3238
Madhya Pradesh,Hindoria,23.9035,79.5686
Uttar Pradesh,Puranpur,28.52,80.15
Himachal Pradesh,Dharmsala,32.2153,76.3186
Kerala,Kovur,12.1094,75.3941
Maharashtra,Rahata,19.7167,74.4833
Uttar Pradesh,Sarauli,28.4931,79.0853
Bihar,Manjha,26.4061,84.5002
Telangana,Durpalli,18.5967,78.4517
Bihar,Sarangpur,25.7389,85.6951
Bihar,Birpur,25.5181,86.0826
Andhra Pradesh,Narapala,14.7206,77.8106
Bihar,Sukhasan,25.4944,87.5263
Tamil Nadu,Kaveripatnam,12.4219,78.2188
Bihar,Siripur,26.7336,84.7217
Kerala,Koliakkod,8.6333,76.9
Bihar,Sarso,26.2333,86.1768
Andhra Pradesh,Varidhanam,16.5576,81.8303
Uttar Pradesh,Sarsawa,30.016,77.4
Madhya Pradesh,Makronia,23.8476,78.799
Telangana,Chilkuru,16.9611,79.9125
Punjab,Guru Har Sahai,30.7086,74.4041
Kerala,Aikaranad,10.0002,76.455
Madhya Pradesh,Lakhnadon,22.6005,79.6009
Tamil Nadu,Desavilakku,11.6476,77.967
Kerala,Elamattur,9.4167,76.7
Bihar,Ismailpur,25.3113,87.127
Karnataka,Kotekara,12.7929,74.8722
Jammu and Kashmir,Ranbirsinghpura,32.6079,74.7293
Andhra Pradesh,Somandepalle,14.0078,77.6086
Odisha,Nayagarh,20.1288,85.0963
Andhra Pradesh,Gatada,18.4144,83.5041
Tamil Nadu,Nanjanad,11.3669,76.6415
Kerala,Ezhamkulam,9.1333,76.7667
Bihar,Sugaon,26.7317,84.7629
Andhra Pradesh,Jaggampeta,17.1833,82.05
Karnataka,Kabbur,16.42,74.58
Tamil Nadu,Virapandi,9.9633,77.4472
Kerala,Varapatti,10.0167,76.6167
Andhra Pradesh,Kottakota,17.7513,82.7004
Madhya Pradesh,Dukli,22.3,79.4833
Maharashtra,Khetia,21.6712,74.5853
Bihar,Sabalpur,25.6053,85.1835
Odisha,Purushottampur,19.5202,84.8851
Kerala,Udumanthala,12.2333,75.4667
Andhra Pradesh,Sompeta,18.93,84.6
Bihar,Maranchi,25.3544,85.9919
Tamil Nadu,Ayyampettai,10.8971,79.1915
Bihar,Birnagar,25.9785,87.111
Tamil Nadu,Nanthankulam,8.3331,77.8442
Tamil Nadu,Kurumbapalaiyam,11.1053,76.9217
Bihar,Harihans,26.1457,84.3476
Kerala,Melmuri,11.1806,76.0167
Tamil Nadu,Sendamaram,9.0648,77.4369
Bihar,Gunri,25.6408,84.658
Punjab,Dhariwal,31.95,75.32
Kerala,Vadakkangara,11,76.1583
Kerala,Perunturuttu,9.6333,76.5667
Bihar,Sonhauli,25.5108,86.4707
Bihar,Lakhna,25.4532,85.1431
Karnataka,Almel,16.92,76.24
Tamil Nadu,Rishivandiyam,11.817,79.1
Jharkhand,Jasidih,24.5138,86.6458
Assam,Soalkuchi,26.17,91.57
Karnataka,Molakalumuru,14.7178,76.7468
Tamil Nadu,Elumalai,9.865,77.6992
Bihar,Laualagaon,25.494,87.0412
Kerala,Kangazha,9.55,76.718
Bihar,Telwa,25.8796,86.3837
Bihar,Basatpur,26.0011,85.0643
Kerala,Mukkanur,10.2405,76.4162
Tamil Nadu,Kilmangalam,10.0933,77.6108
Kerala,Manikkal,8.6544,76.909
Maharashtra,Chakur,18.5131,76.8753
Kerala,Manakayi,11.8611,75.5625
Punjab,Ajnala,31.84,74.76
Tamil Nadu,Kalugumalai,9.1494,77.7057
Bihar,Majhua,26.014,87.3018
Tamil Nadu,Valavanur,11.9205,79.5785
Tamil Nadu,Jalakandapuram,11.6986,77.8776
Madhya Pradesh,Mohana,25.9027,77.7715
Kerala,Erumakkuzhi,9.2833,76.55
Punjab,Bhadaur,30.4764,75.3306
Madhya Pradesh,Leteri,24.0598,77.4086
Madhya Pradesh,Kumbhraj,24.3734,77.0484
Telangana,Mellacheruvu,16.8173,79.9331
Bihar,Kothia,25.7612,84.8811
Himachal Pradesh,Kulu,31.95,77.11
Bihar,Rohar,25.9917,86.2366
Bihar,Lodhwe,24.6404,85.2913
Andhra Pradesh,Tadikonda,16.4167,80.4542
Tamil Nadu,Palaiyampatti,9.5392,78.0984
Andhra Pradesh,Sirvel,15.321,78.5344
Madhya Pradesh,Ajaigarh,24.8988,80.2592
Telangana,Tirmalgiri,17.427,79.4724
Kerala,Kotancheri,11.4719,75.969
Kerala,Kannapuram,11.9691,75.3208
Gujarat,Od,22.6219,73.1161
Tamil Nadu,Kariyapatti,9.6741,78.1007
West Bengal,Dumjor,22.64,88.22
Tamil Nadu,Mukkudal,8.7431,77.5225
Tamil Nadu,Devadanappatti,10.1467,77.6439
Madhya Pradesh,Unhel,23.3379,75.5593
Bihar,Tilothu,24.8051,84.0833
Tamil Nadu,Kumarapuram,8.2922,77.3215
West Bengal,Srikhanda,23.5981,88.0799
Gujarat,Harij,23.7,71.9
Bihar,Bhawanipur,26.4361,84.7356
Delhi,Qatlupur,28.7733,77.1593
Bihar,Agarpur,25.1957,87.0423
Rajasthan,Chhoti Sadri,24.38,74.7
Tamil Nadu,Ammapettai,10.7948,79.3199
Bihar,Nari Bhadaun,26.0065,86.2509
Tamil Nadu,Sendarappatti,11.4373,78.5215
Uttar Pradesh,Daryabad,26.8922,81.5556
Punjab,Anandpur,31.2393,76.5025
Tamil Nadu,Karuppur,11.717,78.0924
West Bengal,Rampur,26.4424,89.8038
Kerala,Mannara,8.5614,77.1263
Bihar,Kasba Maker,25.9591,85.0316
Tamil Nadu,Mulanur,10.7943,77.7115
Andhra Pradesh,Asakapalle,17.7364,83.3
Bihar,Mathurapur,25.5112,86.4557
Telangana,Narayankher,18.0333,77.7833
Tamil Nadu,Sivandipuram,8.7811,77.3428
Bihar,Kanp,25.8337,86.7402
Kerala,Kottukal,8.8833,76.9
West Bengal,Mahiari,22.59,88.24
Tamil Nadu,Tirunageswaram,10.9646,79.4293
Punjab,Sahna,30.4293,75.3813
Karnataka,Kudatini,15.15,76.92
Madhya Pradesh,Budhni,22.7825,77.682
Madhya Pradesh,Udaipura,23.0743,78.5111
Bihar,Mohiuddinnagar,25.5737,85.6694
Andhra Pradesh,Tummalapenta,14.8997,80.0687
Andhra Pradesh,Kottapalle,17.2918,81.8939
Bihar,Dumri,25.5356,85.5996
Madhya Pradesh,Jora Khurd,26.4893,77.9758
Tamil Nadu,Pottanur,11.1098,77.9888
Bihar,Barhampur,25.5976,84.3011
Bihar,Raisari,26.1319,87.0238
Odisha,Rampur,21.0735,84.3409
Jammu and Kashmir,Gandarbal,34.2262,74.7748
Bihar,Manikpur,25.91,86.821
Bihar,Paharpur,25.5681,85.3763
Odisha,Tora,21.3262,83.6708
Bihar,Kopa,25.8513,84.6308
Bihar,Arajpur,25.5197,87.0808
Tamil Nadu,Tottiyam,10.988,78.3363
Andhra Pradesh,Kotta Kalidindi,16.5032,81.2877
Telangana,Ambala,17.65,79.05
West Bengal,Badkulla,23.3036,88.5302
Kerala,Annakunnu,11.7463,76.0415
Tamil Nadu,Vilavur,8.2669,77.3052
Kerala,Timri,12.2,75.3861
Jharkhand,Gidi,23.6909,85.3641
Karnataka,Koratagere,13.522,77.2373
Andhra Pradesh,Lakshmaneswaram,16.4082,81.6867
Bihar,Ulao,25.4165,86.0936
Bihar,Sakri,26.2197,86.0853
Haryana,Gondar,29.5667,76.7833
Gujarat,Tankara,22.656,70.748
Madhya Pradesh,Ghogaon,21.91,75.7
Bihar,Mahraurh,25.2378,84.1017
Bihar,Athar,26.0392,86.059
Tamil Nadu,Tyagadurgam,11.7411,79.077
Tamil Nadu,Sivagiri,11.1179,77.7881
Bihar,Sukhsena,25.7952,87.1089
Bihar,Rampur Tilak,25.8513,87.093
West Bengal,Rajmahal,25.05,87.84
Bihar,Chaita,25.7671,85.8792
Kerala,Payyannur,12.0935,75.2025
Telangana,Jadcherla,16.763,78.1443
Tamil Nadu,Erumapalaiyam,11.6324,78.1695
Gujarat,Barvala,22.15,71.9
Tamil Nadu,Mukondapalli,12.7514,77.8017
Telangana,Yeddumailaram,17.5011,78.1242
Odisha,Kuchinda,21.7436,84.3485
Telangana,Manthani,18.65,79.6667
Bihar,Khokha,25.9741,87.4062
Madhya Pradesh,Silvani,23.3026,78.4408
Kerala,Pudunagaram,10.681,76.6611
Punjab,Sanghera,30.3986,75.5614
Andhra Pradesh,Veldurti,15.5667,77.9167
Tamil Nadu,Vilattikulam,9.1312,78.1687
Kerala,Marturu,10.1694,76.4292
Bihar,Pachmir,25.4077,86.3803
Bihar,Marwa,25.3994,86.9257
Andhra Pradesh,Vissannapeta,16.9398,80.7828
Karnataka,Shirali,14.0297,74.528
Assam,Goshaingaon,26.4395,89.9631
Punjab,Bhikhi,30.07,75.53
Bihar,Pariharpur,26.7114,85.6797
Jharkhand,Dhansaria,24.7219,87.8572
Bihar,Bagahi,26.7632,84.467
Tamil Nadu,Vennandur,11.515,78.0908
Tamil Nadu,Ponmana,8.3552,77.3283
Telangana,Aminpur,17.5241,78.3242
Kerala,Mankara,10.75,76.4333
Kerala,Arakkapadi,10.0599,76.4592
Bihar,Dhamaun,25.5999,85.5479
Assam,Dergaon,26.7,93.9667
Tamil Nadu,Kuttalam,11.0758,79.5608
Kerala,Kodiyeri,11.7067,75.5331
Bihar,Laukaha,26.55,86.47
Madhya Pradesh,Susner,23.9467,76.0882
Odisha,Kharhial,20.2885,82.7606
Tamil Nadu,Vettavalam,12.1077,79.2452
Bihar,Kalyanpur Bamaiya,25.714,85.9212
Telangana,Maripad,17.372,79.8807
Bihar,Dumri,25.4014,86.1165
Andhra Pradesh,Pulla,16.806,81.3241
Tamil Nadu,Vandalur,12.8924,80.0808
Tamil Nadu,Kappiyara,8.2466,77.2617
Kerala,Valluvandad,11.0996,76.1972
Kerala,Vettikattiri,11.1167,76.1833
Bihar,Pupri,26.4708,85.7031
Bihar,Manullahpatti,26.0619,87.1751
Karnataka,Vittal,12.766,75.122
Kerala,Omallur,9.2468,76.751
Bihar,Raghunathpur,26.1145,87.159
Bihar,Raghunathpur,25.844,86.9697
Bihar,Manganj,26.1388,86.9944
Andhra Pradesh,Inkollu,15.83,80.2
Kerala,Chakkuvarakal,8.9833,76.85
Kerala,Peruvanthanam,9.55,76.9167
Tamil Nadu,Rayappanpatti,9.7997,77.2372
Kerala,Krishnapuram,10.3667,76.15
Bihar,Barhampur,26.3023,85.7476
Karnataka,Kambla,12.9607,74.9332
Bihar,Bistaria,26.1262,87.23
Bihar,Khutaha,25.2645,86.0598
Tamil Nadu,Palaiyam,10.7256,78.1354
Kerala,Punnayur,10.65,76
Tamil Nadu,Aliyabad,12.6317,79.2164
Bihar,Koriapatti,26.1149,86.9905
Kerala,Etacheri,10.6028,76.6444
Andhra Pradesh,Vayalpad,13.65,78.6333
Karnataka,Turuvekere,13.1637,76.6664
Karnataka,Shirva,13.2465,74.8444
Tamil Nadu,Attimarappatti,8.7297,78.1169
Kerala,Elankur,11.1333,76.1667
Karnataka,Eksambe,16.42,74.58
Odisha,Buguda,19.8081,84.7908
Tamil Nadu,Kudavasal,10.8582,79.4823
Punjab,Bhucho Mandi,30.2129,75.0969
Madhya Pradesh,Dharampuri,22.1495,75.3444
Kerala,Anantavur,10.8925,75.9983
Madhya Pradesh,Gautampura,22.9866,75.5192
Maharashtra,Karkamb,17.863,75.2981
Gujarat,Mandvi,21.15,73.18
Bihar,Abdullahnagar,25.7683,87.5557
Tamil Nadu,Nedugula,11.4764,76.8904
Bihar,Lakhnaur,26.202,86.309
Madhya Pradesh,Patan,23.2864,79.6896
Haryana,Nisang,29.69,76.75
Bihar,Reota,25.8194,86.3061
Madhya Pradesh,Seoni Chhapara,22.3939,79.5424
West Bengal,Nahazari,22.4347,88.2487
Bihar,Karahia,26.4054,86.149
Kerala,Ummannur,8.95,76.7833
Kerala,Namminikara,10.4392,76.268
Bihar,Jhagarua,26.0059,86.3496
Karnataka,Fraserpet,12.4587,75.9605
Tamil Nadu,Odaipatti,9.8323,77.4433
Karnataka,Martahalli,11.9919,77.4972
West Bengal,Bhagabanpur,24.7765,88.0217
Goa,Curti,15.4167,74.0167
Bihar,Banni,25.4692,86.6068
Karnataka,Kurugodu,15.346,76.836
Andhra Pradesh,Gunjapalle,14.3845,77.9495
Uttar Pradesh,Barhan,27.3299,78.1896
Madhya Pradesh,Sanwer,22.9742,75.8271
Karnataka,Kembhavi,16.65,76.5333
Telangana,Ibrahimpatan,17.1017,78.6294
Tamil Nadu,Kamudi,9.409,78.3679
Bihar,Gothini,26.1626,84.0379
Andhra Pradesh,Yerrapalem,16.15,80.03
Bihar,Mau Dhaneshpur,25.5899,85.8337
Tamil Nadu,Mudukulattur,9.344,78.5138
Karnataka,Chadchan,17.3126,75.6581
Bihar,Pohadi,26.0387,86.1612
Odisha,Charipara,20.45,84.4
Jharkhand,Saram,23.7625,85.83
Madhya Pradesh,Chorhat,24.4274,81.6695
Bihar,Keota,25.644,85.8287
Bihar,Jawkatia,26.7308,84.6263
Punjab,Talwandi Bhai,30.8622,74.9285
Bihar,Kukraun,25.6858,87.1638
Karnataka,Mulki,13.1,74.8
Tamil Nadu,Kulasegaram,8.3667,77.3
Bihar,Dehti,26.2115,87.5513
Uttar Pradesh,Khanpur,28.53,78.05
Telangana,Dharmapuri,18.9475,79.094
Bihar,Baturbari,26.2281,87.4714
Tamil Nadu,Mettuppalaiyam,11.4325,77.6658
Telangana,Nadugadda,16.6241,79.4448
Kerala,Pavumba,9.0597,76.8889
West Bengal,Belakoba,26.59,88.589
Bihar,Raiyam,26.2702,86.2071
West Bengal,Badantola,25.2517,87.842
Kerala,Cherakara,8.8456,76.7164
Andhra Pradesh,Padugupadu,14.4885,79.9923
Kerala,Kayaralam,12,75.4167
Tamil Nadu,Settiyarpatti,9.3935,77.4935
Punjab,Majitha,31.7571,74.9589
Kerala,Ayinikkad,11.4974,75.72
West Bengal,Panchgram,24.1996,88.0077
West Bengal,Giria,24.5167,88.0767
Gujarat,Kutiyana,21.63,69.98
Kerala,Pottassheri,10.995,76.5053
Kerala,Kolaccheri,11.9737,75.4083
Andhra Pradesh,Tadigadapa,16.4713,80.697
Madhya Pradesh,Chandia,23.6565,80.7091
Tamil Nadu,Toluprpatti,11.0244,78.3134
Jharkhand,Usmanpur,24.7367,87.8676
Kerala,Peragamanna,11.2139,76.127
Bihar,Sarotar,26.4291,84.7813
Andhra Pradesh,Gudipallipadu,14.4588,80.0482
Kerala,Mannukara,9.3,76.5333
Tamil Nadu,Ayikudi,9.0032,77.3449
Andhra Pradesh,Challapalle,16.1167,80.9333
Karnataka,Mavalli,14.1,74.4833
West Bengal,Ramnagar,22.3245,88.494
Andhra Pradesh,Pernamitta,15.5333,80
Karnataka,Nayakanhatti,14.4644,76.5451
Madhya Pradesh,Sitamau,24.0147,75.3532
Kerala,Avitanallur,11.5002,75.8059
Rajasthan,Jayal,27.2167,74.1833
Bihar,Matauna,26.6699,85.487
Bihar,Alauli,25.644,86.4065
Bihar,Naula,25.5535,86.0636
Bihar,Kakraul,26.362,86.0139
Tamil Nadu,Ambalavayal,11.619,76.2102
Bihar,Shankar Saraiya,26.5967,84.8526
Bihar,Sikandra,24.9564,86.0344
Andhra Pradesh,Srikurmam,18.2708,84.0044
Kerala,Koroth,11.5833,75.7667
Telangana,Ramachandrapuran,17.4944,78.2942
Bihar,Ughara,26.0563,86.0013
Kerala,Meltonakkal,8.6341,76.8521
Bihar,Bishunpura,26.5436,84.4364
Punjab,Dirba,30.07,75.98
Tamil Nadu,Kombai,9.8475,77.296
Andhra Pradesh,Perupalem,16.3705,81.5813
Kerala,Chavara Gramam,8.9633,76.5619
Andhra Pradesh,Kottapeta,15.7913,80.377
Madhya Pradesh,Tekanpur,25.994,78.2832
Bihar,Baikatpur,25.4939,85.3792
West Bengal,Malancha,24.666,87.922
Tamil Nadu,Naranattenvanpatti,9.7233,77.3099
Karnataka,Nidgundi,16.3583,75.931
Kerala,Pallikapuzha,8.8412,76.8007
Telangana,Ramayampet,18.1166,78.4298
Madhya Pradesh,Dhulkot,21.6095,75.5522
Maharashtra,Khed,17.7178,73.3939
Tamil Nadu,Virapandi,11.1723,76.9692
Tamil Nadu,Ettaiyapuram,9.1474,77.9928
Haryana,Majra,28.667,76.456
Tamil Nadu,Agaram,10.4433,77.9485
Karnataka,Hosakote,14.2817,77.1742
Tamil Nadu,Sayarpuram,8.6822,78.0265
Bihar,Rampur Jalalpur,25.6712,85.8606
Kerala,Pulimel,9.3,76.5833
Bihar,Madanpur,26.2103,87.5141
Manipur,Meiti,24.2477,94.3031
Punjab,Shahkot,31.08,75.34
Bihar,Bhawanipur,25.3944,87.1264
Tamil Nadu,Acharipallam,8.17,77.3698
Kerala,Vechur,9.6667,76.4167
Jharkhand,Achaljamu,24.0243,85.8306
Rajasthan,Bhainsoda,24.4427,75.8403
Kerala,Kadikkad,10.6667,75.9667
Kerala,Vazhani,10.5917,76.5333
Tamil Nadu,Kodikulam,9.9932,79.2007
Kerala,Puliyankunnu,9.412,76.41
Andhra Pradesh,Kamavarapukota,17.0031,81.1219
Andhra Pradesh,Tsundupalle,13.9809,78.9152
Bihar,Dhobauli,25.4008,86.1885
West Bengal,Bauria,22.4521,88.1853
Tamil Nadu,Attappampatti,11.482,78.0248
Telangana,Nandigaon,17.119,78.2564
Gujarat,Kadod,21.218,73.22
Madhya Pradesh,Thandla,23.0096,74.5775
Kerala,Arakkal,8.948,76.8631
Tamil Nadu,Livinjipuram,8.1535,77.5719
Tamil Nadu,Tengampudur,8.1158,77.4579
Rajasthan,Takhatgarh,25.33,73
Tamil Nadu,Sendurai,10.3934,78.2517
Gujarat,Chalala,21.42,71.17
Tamil Nadu,Iluppur,10.5137,78.6216
Tamil Nadu,Kodumudi,11.0769,77.8876
Kerala,Kattiyeri,11.8764,75.8542
Andhra Pradesh,Balighattam,17.651,82.6059
Andhra Pradesh,Gonegandla,15.7167,77.6
Kerala,Pazhayannur,10.6661,76.4252
Karnataka,Piriyapatna,12.3365,76.0792
Tamil Nadu,Erumad,11.5681,76.2608
Bihar,Havi Bhauar,26.1091,86.1059
Bihar,Deoria,26.1791,85.0234
Bihar,Kundal,25.762,86.2081
Andhra Pradesh,Podalakur,14.3667,79.7333
Andhra Pradesh,Kakkalapalle,14.6415,77.5668
Tamil Nadu,Arani,13.3346,80.0848
Karnataka,Tawargeri,15.7668,76.4037
Bihar,Khirhar,26.5168,85.9618
Kerala,Ittiva,8.85,76.8833
Punjab,Mullanwala,31.0619,74.8228
Bihar,Bariarpur,25.292,86.571
Tamil Nadu,Bargur,12.5429,78.3574
Madhya Pradesh,Khaniadhana,25.0298,78.1271
Tamil Nadu,Pannaipuram,9.7908,77.1578
Assam,Bijni,26.4959,90.703
Bihar,Mohan Eghu,25.4002,86.145
Uttarakhand,Barkot,30.82,78.2
Andhra Pradesh,Paragaticherla,16.2496,79.9679
Assam,Lakhipur,26.2897,90.2281
Punjab,Bhai Rupa,30.4311,75.2206
Jharkhand,Domchanch,24.4748,85.6921
Kerala,Parali,10.8028,76.5585
Bihar,Mangrauni,26.3479,86.0719
Andhra Pradesh,Rentachintala,16.5525,79.5533
Kerala,Pilappulli,10.7344,76.7294
Kerala,Mudakkiraye,9.95,76.55
Bihar,Amba Icharua,25.614,86.4258
Tamil Nadu,Rasivarai Tottam,9.9639,77.1
Tamil Nadu,Ervadi,9.2082,78.7101
West Bengal,Rajbalhai,22.7758,88.0054
Bihar,Dighaun,25.5549,86.8097
Karnataka,Ujre,12.9961,75.3248
Bihar,Dahibhat Madhopur,26.2763,86.0847
Telangana,Chopadandi,18.5833,79.1667
Tamil Nadu,Mohanur,11.0594,78.1397
Kerala,Mannur,9.9083,76.4583
Bihar,Sakardih,25.228,85.3546
Madhya Pradesh,Gurh,24.5026,81.5004
Madhya Pradesh,Rajnagar,24.8893,79.9118
Tamil Nadu,Nilaiyur,9.8572,78.0598
Bihar,Baro,25.4487,85.9924
Karnataka,Pudu,12.8667,74.9673
Telangana,Raikal,18.9,78.8
Karnataka,Hatti,16.1984,76.6604
Bihar,Mahesh Khunt,25.45,86.6333
Bihar,Kesath,25.4208,84.2414
Andhra Pradesh,Gokavaram,17.2667,81.85
Madhya Pradesh,Khargapur,24.823,79.144
West Bengal,Khirpai,22.7,87.62
Andhra Pradesh,Phirangipuram,16.2889,80.2628
Goa,Usgao,15.4333,74.0667
Andhra Pradesh,Nunna,16.5788,80.6841
West Bengal,Mahalandi,24.0738,88.1214
Tamil Nadu,Chettinayakkanpatti,10.394,77.9754
West Bengal,Barnia,23.7311,88.4329
Andhra Pradesh,Galivedu,14.0333,78.5
Manipur,Kakching,24.6085,94.0029
Jammu and Kashmir,Kargil,34.5594,76.1256
Tamil Nadu,Vadugappatti,10.1036,77.5731
Bihar,Khunti Dhanaili,25.9376,87.379
Bihar,Noniya,26.6763,84.6163
Odisha,Kodala,19.6243,84.9408
Tamil Nadu,Arachchalur,11.1627,77.7007
Bihar,Sohtha,25.6449,87.3068
Bihar,Malhipur,25.4069,86.0234
Bihar,Barharwa Kalan,26.5434,84.8286
Madhya Pradesh,Birsinghpur,24.7981,80.9739
Tamil Nadu,Omalur,11.745,78.047
Tamil Nadu,Madukkur,10.48,79.4
Madhya Pradesh,Simaria,24.795,81.152
West Bengal,Jagdispur,22.65,88.29
Gujarat,Jalalpur,20.9491,72.9136
Tamil Nadu,Manamelkudi,10.0419,79.23
Tamil Nadu,Balasamudram,10.419,77.4992
Bihar,Cheran,25.361,85.5421
Bihar,Mukhtarpur Salkani,25.6643,85.7784
Andhra Pradesh,Kota,14.0333,80.05
Andhra Pradesh,Tadikalapudi,16.5356,81.1033
Tamil Nadu,Vitthalapuram,8.6833,77.8292
Bihar,Singhwara,26.1842,85.7368
Andhra Pradesh,Porumamilla,15.0167,78.9833
West Bengal,Gokarna,24.0541,88.1176
Bihar,Khutauna,26.4969,86.3959
Jharkhand,Saraikela,22.6996,85.9313
Goa,Bandora,15.4082,73.9813
Bihar,Kanhauli Manohar,25.9755,84.6853
Tamil Nadu,Attur,8.3224,77.2558
Bihar,Itahri,25.313,86.5459
Kerala,Aruvapalam,9.1833,76.85
Haryana,Chotala,29.7808,74.5226
Bihar,Ganeshpur,25.7678,87.3587
West Bengal,Baharu,22.204,88.4283
Bihar,Ramnagar,26.0773,86.8387
Andhra Pradesh,Agiripalle,16.6833,80.65
Karnataka,Kittur,15.6,74.9
West Bengal,Jaypul,22.7833,88.5695
Tamil Nadu,Jakkampalaiyam,10.5264,77.2884
Andhra Pradesh,Chennur,14.5667,78.8
Bihar,Rustampur,25.57,85.3061
Bihar,Math Lohiyar,26.6247,84.7072
Tamil Nadu,Kamayakkavundanpatti,9.7386,77.32
Telangana,Sultanabad,18.5247,79.2722
Uttar Pradesh,Jalalabad,29.5972,78.3153
Kerala,Cherukunnu,12.0041,75.3004
Bihar,Khusropur,25.4817,85.3849
Chattisgarh,Pilkha,23.1645,83.1821
Bihar,Bakarpur Ogairah,25.3294,87.5138
Bihar,Kajur,24.8768,85.292
Tamil Nadu,Surappalli,11.7187,77.8778
Bihar,Birhana,25.4489,85.7054
Andhra Pradesh,Anantapalle,16.9767,81.4442
Bihar,Aurahi,26.1895,87.3372
Kerala,Ottur,8.7167,76.7667
Madhya Pradesh,Fatipura,22.8383,74.2313
Tamil Nadu,Ottakkadai,9.958,78.1886
Andhra Pradesh,Kolluru,16.1847,80.7961
Maharashtra,Ramewadi,16.0333,74.35
Madhya Pradesh,Shahpur,23.8937,79.0507
Kerala,Kalanjur,9.1167,76.85
Gujarat,Bhiloda,23.46,73.15
Punjab,Makhu,31.1033,74.9963
Andhra Pradesh,Vontimitta,14.3833,79.0333
Haryana,Badshahpur,28.393,77.048
Tamil Nadu,Ayyampalaiyam,10.2253,77.7485
Kerala,Sivapuram,11.9075,75.6048
Kerala,Mayilur,9.942,76.6395
Andhra Pradesh,Penugonda,16.6547,81.7445
Kerala,Kayanna,11.4917,75.8417
Punjab,Rahon,31.0527,76.1191
Jammu and Kashmir,Marahom,33.8303,75.0832
Bihar,Rani Shakarpura,25.5534,86.2992
Assam,Sapatgram,26.3373,90.1236
Telangana,Utnur,19.3667,78.7667
Kerala,Kumaranallur,9.6167,76.5833
Bihar,Sughrain,25.746,86.325
Uttar Pradesh,Asara,29.2494,77.2915
Telangana,Dandu Mailaram,17.2333,78.7667
Tamil Nadu,Watrap,9.6353,77.6389
Kerala,Neriyamangalam,10.05,76.7833
Kerala,Nanattuparai,9.379,76.8779
Uttar Pradesh,Raiganj Bazar,26.78,82.143
Karnataka,Jawalgeri,15.8656,76.8156
Kerala,Kizhur,11.9667,75.6667
Kerala,Kudali,9.15,76.85
Tamil Nadu,Chittayankottai,10.2686,77.8327
Tamil Nadu,Neykkarappatti,10.4489,77.4627
Kerala,Valavakattumula,9.98,76.52
Bihar,Obra,24.891,84.3742
Bihar,Mohanpur,25.562,85.5917
Madhya Pradesh,Amarwara,22.2978,79.1694
West Bengal,Bahutal,24.5714,87.8971
Andhra Pradesh,Patapatnam,18.75,84.0833
Kerala,Tagazhi,9.3707,76.4115
Tamil Nadu,Brahmadesam,11.5449,77.5803
Kerala,Manatanna,11.9125,75.7569
Tamil Nadu,Karambakkudi,10.4587,79.141
Tamil Nadu,Sayalkudi,9.1692,78.447
Tamil Nadu,Suchindram,8.1544,77.467
Karnataka,Heggadadevankote,12.0881,76.3296
Telangana,Vijayapuri North,16.6028,79.3075
Kerala,Vellikulangara,10.3667,76.4167
West Bengal,Dighirpar,22.3034,88.6678
Bihar,Kishundaspur,25.3334,87.3318
Andhra Pradesh,Udayagiri,14.8667,79.3167
Kerala,Nidiyanga,12.0889,75.4806
Gujarat,Valabhipur,21.8878,71.8795
Madhya Pradesh,Pawai,24.2664,80.162
Gujarat,Gandevi,20.82,72.98
Bihar,Chhapra Bahas,26.7266,84.7912
Tamil Nadu,Odaiyakulam,10.5679,76.9105
Bihar,Dhusar Tikapatti,25.5214,87.2212
Tamil Nadu,Srimushnam,11.4012,79.4038
Tamil Nadu,Kodikkulam,9.6493,77.586
Kerala,Kadamakudi,10.0652,76.2451
Uttarakhand,Tanakpur,29.074,80.109
Telangana,Kallur,17.2,80.55
Kerala,Cholai,12.04,75.46
Tamil Nadu,Puluvappatti,10.963,76.8158
Haryana,Dhani Sukhan,28.7932,76.0502
Bihar,Belaur,25.4477,84.6473
Kerala,Kunithala,11.9,75.7833
Bihar,Dhumnagar,26.756,84.5233
Telangana,Vardannapet,17.7735,79.5731
Haryana,Fatehpur,29.75,76.55
Madhya Pradesh,Shahpura,23.1366,79.664
Gujarat,Kandla Port,23.03,70.22
Kerala,Chethakal,9.4386,76.8322
Gujarat,Mahudha,22.82,72.93
Tamil Nadu,Kannampalaiyam,10.9954,77.099
Bihar,Mansingha,26.7807,84.8367
Kerala,Akambadam,11.1,76.3167
Kerala,Kalanadu,12.4667,75
Rajasthan,Rupbas,26.9833,77.5833
Andhra Pradesh,Kasimkota,17.6736,82.9634
Bihar,Sonapur,25.3561,86.2082
Kerala,Trisshileri,11.8333,76.0333
Tamil Nadu,Puduppatti,11.55,78.2833
Andhra Pradesh,Dubacherla,16.9116,81.3569
Kerala,Tarur,10.6722,76.4694
Kerala,Eravattur,11.5833,75.7333
Kerala,Bharanikavu Tekku,9.1847,76.5446
Bihar,Sahar,26.5408,85.859
Telangana,Pochampalli,17.3473,78.8195
Jharkhand,Beko,24.0415,85.9536
Telangana,Turkaguda,17.153,78.6195
West Bengal,Damdama,24.4341,87.7849
Bihar,Bhit Bhagwanpur,26.116,86.355
Bihar,Kajha,25.7747,87.3545
Assam,Dhemaji,27.4833,94.5833
Telangana,Balkonda,18.8667,78.35
Uttar Pradesh,Rajapur,26.2861,83.1306
Tamil Nadu,Puttalam,8.0981,77.464
Tamil Nadu,Cheramkod,11.6,76.3167
Tamil Nadu,Solapuram,9.3757,77.5598
Tamil Nadu,Pallappatti,10.3564,77.9516
Bihar,Jurawanpur Karari,25.5273,85.4182
Bihar,Dewangarh,24.8637,85.8584
Andhra Pradesh,Narendrapatnam,17.0964,81.8812
Andhra Pradesh,Kolakaluru,16.3052,80.6182
Andhra Pradesh,Antarvedi,16.3333,81.7333
Tamil Nadu,Chembagaramanpudur,8.2461,77.4907
Madhya Pradesh,Bilpura,23.2216,79.9917
Bihar,Sundarpur,26.3037,84.8581
Punjab,Bhagta,30.4882,75.1013
West Bengal,Bhagwangola,24.3485,88.3243
West Bengal,Baynala,22.4835,88.4997
Telangana,Muhammadabad,16.8731,77.8909
Tamil Nadu,Kadaiyam,8.832,77.357
Bihar,Belo,25.8747,86.8855
Telangana,Kompalle,17.4993,78.4583
Andhra Pradesh,Ernagudem,16.9989,81.5061
Andhra Pradesh,Vatluru,16.7009,81.0525
Kerala,Edakkazhiyur,10.6167,75.9833
Rajasthan,Jasol,25.49,72.13
Tamil Nadu,Chittur,11.647,77.8239
Karnataka,Saligrama,12.5602,76.2611
Tamil Nadu,Ponnamaravati,10.2803,78.536
Jammu and Kashmir,Palhalan,34.1823,74.5506
Karnataka,Kukkundur,13.2404,74.9541
West Bengal,Sanatikri,22.023,88.5033
Tamil Nadu,Kumaralingam,10.4894,77.3499
Madhya Pradesh,Barod,23.7889,75.8116
Tamil Nadu,Palanisettipatti,9.9998,77.4641
Madhya Pradesh,Sirali,22.1519,77.0617
Bihar,Meghauna,25.6904,86.3809
Bihar,Pipra Latif,25.3579,86.7174
Bihar,Patilar,27.0361,84.2106
Madhya Pradesh,Kurawar,23.5118,77.0246
Bihar,Asthanwan,25.2215,85.6262
Andhra Pradesh,Vemuladivi,16.3408,81.6958
Uttar Pradesh,Mauranwan,26.43,80.88
Madhya Pradesh,Pichhor,25.9602,78.3893
Punjab,Sarai Jattan,31.1797,75.6745
Odisha,Udala,21.5781,86.5668
Bihar,Turhapatti,26.8511,84.4522
Bihar,Phulaut,25.5114,86.9375
Karnataka,Bilgi,16.3472,75.6181
West Bengal,Mitrapur,24.4371,87.9666
Andhra Pradesh,Chilamatturu,13.8394,77.7039
Andhra Pradesh,Kambaduru,14.3575,77.2186
Tamil Nadu,Arumbavur,11.381,78.7296
Bihar,Dilarpur,25.3968,87.5969
Kerala,Nedumudi,9.4429,76.404
Bihar,Jamalpur,25.9549,86.36
Kerala,Odanavattam,8.9355,76.7713
Andhra Pradesh,Vipparla,16.3023,79.9373
Andhra Pradesh,Bugganipalle,15.4741,78.175
Tamil Nadu,Chokkanathapuram,9.9921,77.3566
Jharkhand,Siladon,23.1527,85.3657
Jharkhand,Sodag,23.1436,85.3874
Jharkhand,Lal Khatanga,23.2627,85.3376
Jharkhand,Khijri,22.8001,84.9474
Tamil Nadu,Samsikapuram,9.4156,77.5917
Bihar,Raspur Patasia,25.544,85.7247
West Bengal,Gopalnagar,24.691,87.9299
Punjab,Kot Bhai,30.2678,74.699
Tamil Nadu,Talainayar Agraharam,10.5614,79.7723
Kerala,Kumaramputtur,10.9667,76.4333
Bihar,Semra,26.6523,85.0872
Punjab,Chhajli,30.0348,75.828
Bihar,Israin Kalan,25.9844,87.0372
Bihar,Basarh,25.9808,85.1285
Andhra Pradesh,Maddikera,15.25,77.417
Madhya Pradesh,Amanganj,24.4266,80.0358
Andhra Pradesh,Undi,16.6,81.4667
Jharkhand,Pihra,24.6424,85.8043
Madhya Pradesh,Bankheri,22.7696,78.5341
Andhra Pradesh,Bhanumukkala,15.3119,78.2277
Maharashtra,Dudhgaon,18.2787,76.0536
Tamil Nadu,Elandakuttai,11.3992,77.7782
Bihar,Belari,25.9655,86.9161
Tamil Nadu,Tekkampatti,11.2559,76.8872
Gujarat,Matar,22.75,72.68
Karnataka,Shedbal,16.6892,74.7543
Bihar,Kalikapur,26.4956,86.089
Andhra Pradesh,Peddaboddepalle,17.6606,82.6296
Bihar,Sahpur,25.7035,85.1483
Tamil Nadu,Udayendram,12.6962,78.6227
Jharkhand,Beldanga,24.7041,87.873
Madhya Pradesh,Mangawan,24.6675,81.5464
Bihar,Ratan,25.4349,86.6432
Bihar,Marui,24.8639,85.6338
Maharashtra,Pimpalgaon Raja,20.7167,76.4333
Andhra Pradesh,Mulakaledu,14.3648,76.9267
Andhra Pradesh,Billapadu,16.6364,80.9661
Bihar,Musapur,25.6417,87.4154
Tamil Nadu,Aravakkurichchi,10.776,77.9076
Andhra Pradesh,Pyapali,15.2669,77.7611
Telangana,Jangid,18.4475,79.8414
Andhra Pradesh,Tondangi,17.25,82.4667
Karnataka,Hebli,15.4858,75.1283
Madhya Pradesh,Petlawad,23.0108,74.7961
Tamil Nadu,Seven Pagodas,12.6197,80.1944
West Bengal,Salua,22.61,88.27
Andhra Pradesh,Cumbum,15.5667,79.1167
Tamil Nadu,Puliyur,10.9499,78.1453
Bihar,Hathiaundha,25.7223,86.9972
Bihar,Lakhaura,26.7522,84.9647
Andhra Pradesh,Gurramkonda,13.7833,78.5833
Tamil Nadu,Mallapuram,11.9823,78.248
Bihar,Telua,26.6396,84.5108
Bihar,Gangapur,25.5136,86.8957
Telangana,Warni,18.5436,77.9072
Maharashtra,Srivardhan,18.0333,73.0167
Kerala,Koduman,9.1917,76.8
Karnataka,Bhoj,16.5333,74.45
Jharkhand,Itki Thakurgaon,23.3456,85.1114
Bihar,Khaira,26.3433,87.1476
Bihar,Chautham,25.5439,86.6567
Madhya Pradesh,Bilaua,26.0501,78.2752
Bihar,Babhani Bholwa,26.0876,86.7456
Bihar,Bhatranha,25.9846,86.6348
Kerala,Changamkari,9.3667,76.5333
Andhra Pradesh,Putaparti,14.166,77.811
Bihar,Tabhka Khas,25.6518,85.9426
Bihar,Hasanpur,26.1147,87.2319
Bihar,Jadia,26.0937,86.9852
Bihar,Bina,26.0792,86.6326
Telangana,Kohir,17.6,77.7167
Uttar Pradesh,Hasanganj,26.78,80.67
Andhra Pradesh,Peddapalle,14.4046,78.9456
Madhya Pradesh,Devendranagar,24.6169,80.3789
Bihar,Rajni,25.8132,86.9772
Bihar,Ekma,25.967,84.5383
Telangana,Revur,16.8216,79.9926
Kerala,Ochanthururtha,10,76.2333
Karnataka,Satyamangala,13.0193,76.1243
Karnataka,Udiyavara,13.3097,74.7366
Kerala,Kutavettur,8.9167,76.75
West Bengal,Islampur,24.1548,88.4665
Tamil Nadu,Aruvikkara,8.3331,77.2788
Odisha,Kaintragarh,20.7211,84.5351
Odisha,Konarka,19.8878,86.0948
Bihar,Shamsa,25.623,85.931
Tamil Nadu,Naduvattam,11.4808,76.5437
Bihar,Saidpur,25.5436,86.564
Bihar,Barajor,24.7992,86.3731
Kerala,Pavannur,11.95,75.5
Madhya Pradesh,Tillor Khurd,22.617,75.948
Tamil Nadu,Chettikulam,8.0943,77.5614
Tamil Nadu,Aivanallur,11.2161,79.5392
Uttar Pradesh,Shafinagar,28.4117,78.1365
Andhra Pradesh,Damalcheruvu,13.4833,79.05
Goa,Cortalim,15.3978,73.9106
Madhya Pradesh,Majhgawan,24.8,80.8
Karnataka,Hombal,15.5164,75.5556
Tamil Nadu,Bellatti,12.65,78
Punjab,Singhanwala,30.7699,75.1218
Karnataka,Hullahalli,12.1,76.55
Tamil Nadu,Muttamtura,8.13,77.32
Gujarat,Sathamba,23.1691,73.3266
Tamil Nadu,Valattur,12.8899,78.8394
Kerala,Nedumpura,10.3903,76.1514
Maharashtra,Turori,17.8278,76.6903
Rajasthan,Khandhar,26.0233,76.6097
Maharashtra,Shirud,20.7167,74.9
Karnataka,Galatge,16.42,74.58
Gujarat,Vasa,22.66,72.75
Tamil Nadu,Kaguchi,11.4519,76.8061
Karnataka,Yelur,15.7817,74.5178
Madhya Pradesh,Mandleshwar,22.176,75.6599
Tamil Nadu,Andipalaiyam,11.092,77.315
Tamil Nadu,Kurichchi,11.5701,77.6969
Karnataka,Harohalli,12.6807,77.4743
Rajasthan,Goluwali,29.63,74.06
West Bengal,Adra,23.5,86.67
Tamil Nadu,Vallur,13.256,80.2818
Madhya Pradesh,Majholi,23.5011,79.924
Odisha,Ganjam,19.387,85.0508
Bihar,Chandi,25.7296,87.5195
Kerala,Chemmanam,9.8072,76.2774
Telangana,Yellareddi,18.1859,78.0212
Madhya Pradesh,Lanji,21.5018,80.5406
Tamil Nadu,Sembedu,13.1298,79.5634
Karnataka,Lakkundi,15.3897,75.7183
Bihar,Pursa,26.3019,86.4778
Kerala,Kunnumel,9.35,76.4
Assam,Badarpur,24.8685,92.5961
Uttarakhand,Kela Khera,29.09,79.19
Tamil Nadu,Ammur,12.975,79.3628
Karnataka,Sindhnur,15.77,76.7556
Kerala,Aiyampuzha,10.25,76.4667
Tamil Nadu,Valangiman,10.8897,79.394
Bihar,Jhandapur,25.3995,86.9479
Tamil Nadu,Parapatti,12.1083,78.0198
Bihar,Champapur,26.8881,84.834
Telangana,Alampur,15.8793,78.1334
Karnataka,Hanamsagar,15.8722,76.0431
Tamil Nadu,Vellalapuram,11.6525,77.938
Jharkhand,Barharwa,24.8571,87.779
Bihar,Chailaha,26.6738,84.8801
Kerala,Nagarur,8.7333,76.85
Andhra Pradesh,Chipurupalle,18.3,83.5667
Bihar,Madhuban,26.4386,85.1357
Tamil Nadu,Avalpundurai,11.231,77.7182
West Bengal,Hariharpara,24.0468,88.4244
Tamil Nadu,Kumaramangalam,11.3676,77.93
Madhya Pradesh,Tendukheda,23.3962,79.5395
Meghalaya,Cherrapunji,25.284,91.721
Bihar,Kumaripur,25.4425,87.6217
Kerala,Nenmini,11.0528,76.2083
Bihar,Benipati,26.4442,85.9083
Andhra Pradesh,Devarapalle,17.03,81.37
Kerala,Palod,8.7033,77.0264
Goa,Sanquelim,15.5027,73.7669
Bihar,Kamrawan,25.6956,85.838
Goa,Curtorim,15.28,74.03
Bihar,Hasanpur Juned,25.5915,85.5238
Kerala,Cherupazhasshi,12.0916,75.4414
Tamil Nadu,Perunkolattur,12.043,78.9174
Bihar,Ijra,26.3119,86.0037
Bihar,Garhpura,25.6638,86.1818
Telangana,Vaddapalli,18.5323,77.8959
Kerala,Andurkonam,8.5969,76.8664
Telangana,Baladharmaram,17.4104,79.969
Bihar,Sahit,25.5888,85.7948
Bihar,Chhapia,26.0831,84.8447
Tamil Nadu,Tirumalaiyampalaiyam,10.879,76.9295
Karnataka,Koteshwar,13.607,74.75
Tamil Nadu,Kodangipatti,9.992,77.4332
Tamil Nadu,Kurumbalur,11.236,78.8005
Tamil Nadu,Paramati,11.1544,78.0213
Kerala,Manantheri,11.8428,75.615
Tamil Nadu,Pudur,9.0001,77.2076
Uttar Pradesh,Kamalganj,27.27,79.65
Bihar,Rasulpur Dhuria,25.5693,87.0375
Kerala,Mulakad,9.8902,76.6546
Punjab,Kaonke,30.7659,75.4172
Tamil Nadu,Vubatalai,11.3597,76.7649
Tamil Nadu,Tiruvasaladi,11.4013,79.7746
Tamil Nadu,Alanganallur,10.047,78.0903
Andhra Pradesh,Kankipadu,16.45,80.7833
Andhra Pradesh,Vemuluru,16.9337,81.8057
Kerala,Paliaturutu,10.2959,76.1581
Bihar,Sinha,25.6902,84.6291
Andhra Pradesh,Holalagondi,15.4873,77.0464
Rajasthan,Satyun,28.5667,75.1167
Tamil Nadu,Kelamangalam,12.6031,77.8519
Bihar,Dinmanpur,25.9112,85.9288
Kerala,Thillangeri,11.95,75.6167
Bihar,Baligaon,25.4196,84.4951
Karnataka,Talya,14.042,76.184
Tamil Nadu,Kanjikkovil,11.3689,77.5962
Bihar,Jitwarpur Nizamat,25.8489,85.8006
Tamil Nadu,Lakkampatti,11.4461,77.4118
Kerala,Palayad,11.5847,75.7528
Madhya Pradesh,Akora,26.4721,78.7989
Andhra Pradesh,Paniem,15.5167,78.35
Andhra Pradesh,Kottacheruvu,14.1886,77.7658
Bihar,Darpa,26.84,84.9774
Tamil Nadu,Tiruppachur,13.1384,79.8764
Andhra Pradesh,Relangi,16.705,81.647
Madhya Pradesh,Bijaipur,26.0556,77.3697
Punjab,Halwara,30.7167,75.65
Andhra Pradesh,Gundlapelle,16.4102,79.8813
Bihar,Siswa,26.6214,84.6739
Andhra Pradesh,Nagireddipalli,14.2701,79.1013
Bihar,Kusaha,26.2077,86.9587
Tamil Nadu,Kannamanayakkanur,10.5527,77.269
Madhya Pradesh,Pandhana,21.6982,76.2249
Bihar,Pakarya Harsidhi,26.6526,84.7198
Madhya Pradesh,Suwasra,24.0698,75.6523
Karnataka,Nadisal,13.1326,74.7777
Andhra Pradesh,Gavinivaripalem,15.8378,80.4315
Bihar,Surajpura,25.2576,86.2283
Bihar,Sadhoa,25.4049,87.198
Telangana,Lingal,16.2833,78.5167
Tamil Nadu,Chinnavadampatti,11.0615,76.9838
Bihar,Lakho,25.4113,86.1792
Uttar Pradesh,Barhni,27.4972,82.7861
Madhya Pradesh,Harduli,22.9278,79.903
Bihar,Babhangawan,25.3674,86.9501
Bihar,Nawada,25.5431,85.924
Andhra Pradesh,Pakala,15.2694,80.072
Jharkhand,Markacho,24.3263,85.8346
Bihar,Roh,24.8905,85.675
Odisha,Khallikot,19.6091,85.0861
Tamil Nadu,Tiruvalanjuli,10.9449,79.3286
Bihar,Lagunia Surajkanth,25.8304,85.7887
Telangana,Tarlapalli,18.8345,79.4907
Bihar,Srinagar,26.783,84.3018
Punjab,Shatrana,29.9102,76.1202
Bihar,Narahia,26.3681,86.5434
West Bengal,Bara,24.3146,87.9643
Madhya Pradesh,Sirmaur,24.8365,81.3645
Bihar,Kolwara,25.3538,86.77
Uttar Pradesh,Baqiabad,25.1,82.9
Madhya Pradesh,Satwas,22.5363,76.6845
Goa,Davorlim,15.2722,73.9924
Andhra Pradesh,Alur,15.3942,77.2264
Telangana,Dornakal,17.447,80.151
Kerala,Tirkarur,10.0667,76.6167
Jharkhand,Kharki,23.9165,85.8596
Madhya Pradesh,Barhi,23.9033,80.8152
Tamil Nadu,Vadugapatti,11.1518,77.7375
Karnataka,Chik Banavar,13.0846,77.5014
Telangana,Paidiipalli,18.0172,79.6159
Andhra Pradesh,Mutyalapalle,16.4019,81.5703
Uttar Pradesh,Nagra,25.968,83.873
West Bengal,Haldibari,26.33,88.77
Telangana,Tupran,17.8452,78.4787
Bihar,Hargawan,25.1428,85.5652
Bihar,Mohanpur Gaughata,25.3345,87.3404
Andhra Pradesh,Karempudi,16.4333,79.7167
Gujarat,Vasad,22.45,73.0667
Bihar,Puraini,25.5968,86.9892
Karnataka,Kamatgi,16.119,75.8482
Arunachal Pradesh,Tezu,27.92,96.17
Bihar,Doria Sonapur,26.183,87.3873
Andhra Pradesh,Penuganchiprolu,16.9033,80.2356
Madhya Pradesh,Sailana,23.4622,74.9232
Uttar Pradesh,Patiali,27.7167,79.0167
Madhya Pradesh,Barela,23.0968,80.0508
Kerala,Thondiamannu,9.2639,76.8833
Bihar,Baulia,25.399,87.6002
Assam,Bihpuriagaon,27.0172,93.9167
Bihar,Narhan,25.6941,86.0074
West Bengal,Bhanukumari,26.3395,89.7697
Karnataka,Hindalgi,16.1364,74.6547
Andhra Pradesh,Muttukuru,14.2667,80.1
Telangana,Lakhsetipet,18.8873,79.2069
Madhya Pradesh,Palda,22.68,75.8939
Tamil Nadu,Walajabad,12.7904,79.8236
Jharkhand,Gua,22.2136,85.3877
Jharkhand,Jori Kalan,24.2045,84.877
Madhya Pradesh,Polaia Kalan,23.2119,76.5529
Madhya Pradesh,Chikhli Kalan,22.2152,78.743
Andhra Pradesh,Kottavalasa,17.9,83.2
Kerala,Kizhariyur,11.4833,75.6833
Tamil Nadu,Karkudalpatti,11.5002,78.3521
Andhra Pradesh,Viraghattam,18.6833,83.6
Bihar,Salimpur,25.248,86.2347
Karnataka,Mangoli,16.65,75.81
Karnataka,Huliyar,13.5828,76.5361
Tamil Nadu,Kambainellur,12.2071,78.3187
Telangana,Korangal,17.107,77.627
Andhra Pradesh,Anantarazupeta,14.0014,79.3319
Bihar,Bariariya,26.5105,84.7165
Andhra Pradesh,Unguturu,16.823,81.4238
Andhra Pradesh,Bikkavolu,16.95,82.05
Madhya Pradesh,Ghaura,24.5059,79.0781
Tamil Nadu,Vedasandur,10.531,77.9502
Jharkhand,Manoharpur,22.3746,85.1923
Karnataka,Mannur,17.2994,76.0984
Odisha,Chikitigarh,19.2023,84.6145
Bihar,Raje,26.2216,86.1454
Madhya Pradesh,Kukdeshwar,24.4828,75.2675
Kerala,Kodanad,10.18,76.51
Tamil Nadu,Padavedu,12.673,79.1047
Bihar,Saren,25.1149,84.9744
Maharashtra,Kashti,18.5492,74.5822
Tamil Nadu,Pannimadai,11.0823,76.9164
Maharashtra,Nagardevla Budrukh,20.5667,75.2167
Tamil Nadu,Terkuvenganallur,9.4052,77.5408
Madhya Pradesh,Barkuhi,22.1901,78.7047
Andhra Pradesh,Chebrolu,16.8206,81.4048
Karnataka,Siddapur,14.347,74.894
Tamil Nadu,Alangudi,10.3604,78.9779
Bihar,Panr,25.6884,85.798
West Bengal,Odlabari,26.8594,88.6214
Tamil Nadu,Tamarakulam,8.1325,77.4848
Madhya Pradesh,Pansemal,21.6598,74.6994
Andhra Pradesh,Nallagunta,16.5763,80.6854
Uttar Pradesh,Talbahat,25.042,78.433
Maharashtra,Pirangut,18.5115,73.6801
Jammu and Kashmir,Bhulwal,32.8094,74.7683
Kerala,Orumanayur,10.5583,76.0347
West Bengal,Raghudebbati,22.53,88.2
Andhra Pradesh,Katravulapalle,17.1277,82.0831
Andhra Pradesh,Antarvedipalem,16.3319,81.732
Bihar,Jitwarpur Kumhra,25.7852,85.7044
Telangana,Pulur,18.1,78.85
Kerala,Kutavur,8.7833,76.8167
Odisha,Rambha,19.4433,84.9881
Punjab,Sur Singh,31.3992,74.716
Kerala,Kilattingal,8.6891,76.7877
West Bengal,Chapra,23.5391,88.5467
Goa,Siroda,15.3292,74.0271
Bihar,Phulwar,26.8148,84.843
Telangana,Gudur,17.7956,79.9747
Bihar,Eraura,24.613,84.4555
Karnataka,Doranahalli,16.7324,76.9162
Karnataka,Byahatti,15.4468,75.2054
Bihar,Bela,25.8103,85.0157
Chattisgarh,Rajim,20.965,81.8817
Jharkhand,Tamar,23.0488,85.649
Tamil Nadu,Ponnampatti,10.3668,78.3955
Jammu and Kashmir,Sumbal,34.2307,74.6472
Kerala,Vammanal,12.0281,75.7093
Bihar,Sasan,25.6883,86.1907
Kerala,Karugamad,10.4667,76.1
Tamil Nadu,Kottaiyur,10.1096,78.7956
Bihar,Amari,25.7179,86.0839
West Bengal,Suknadanga,24.46,88.05
Tamil Nadu,Karai,12.9377,79.3163
Andhra Pradesh,Uttukkottai,13.3354,79.898
Bihar,Barari,25.5068,87.3761
West Bengal,Barjora,23.4333,87.2833
Tamil Nadu,Ilampillai,11.6066,78.0068
Bihar,Keal,25.1218,84.6324
Kerala,Turuttiyad,11.5167,75.65
Madhya Pradesh,Ranapur,22.647,74.5212
Haryana,Alewah,29.4767,76.4522
Karnataka,Rajasur,17.86,76.95
Andhra Pradesh,Brahmanandapuram,16.9583,82.0056
Telangana,Annaram,16.784,79.302
Bihar,Mirzapur,26.1616,87.2349
Kerala,Kongarapalli,10.0448,76.3552
Bihar,Pali,26.0576,86.3097
Tamil Nadu,Ganguvarpatti,10.1694,77.6973
Bihar,Sutihar,25.8482,84.9712
Punjab,Boha,29.8348,75.5237
Telangana,Mankal,17.2014,78.4678
West Bengal,Rajnagar,23.95,87.32
Bihar,Chaugain,25.4801,84.2328
Bihar,Belwara,25.7443,86.4755
Bihar,Amaha,26.1284,86.7998
Bihar,Belsandi Tara,25.7722,85.9608
Karnataka,Perdur,13.3844,74.9029
Tamil Nadu,Narasingapuram,12.9728,79.284
Tamil Nadu,Attibele,12.7781,77.7726
Karnataka,Hunasagi,16.4575,76.5239
Chattisgarh,Sukma,18.4,81.6667
Tamil Nadu,Viraganur,11.4761,78.7355
Tamil Nadu,Muttunayakkanpatti,11.7125,78.033
Gujarat,Khergam,20.63,73.09
Haryana,Kelangah,28.87,76.3285
Andhra Pradesh,Kubadupuram,16.468,79.9539
Tamil Nadu,Krishnarayapuram,10.9563,78.2782
Bihar,Dumri,26.9873,84.0752
Punjab,Bhogpur,31.55,75.63
Madhya Pradesh,Jiran,24.3087,74.8909
Andhra Pradesh,Polukallu,15.8284,77.7431
Tamil Nadu,Tumbippadi,11.808,78.0783
Karnataka,Sagar,16.6249,76.8015
Jharkhand,Tati,23.3772,85.4379
Andhra Pradesh,Linganaboyinacherla,16.3961,81.6598
Bihar,Kishanpur Ratwara,25.4822,86.8511
Andhra Pradesh,Polavaram,17.2479,81.6432
Bihar,Tarauna,26.2371,87.5123
Andhra Pradesh,Iskapalli,14.7363,80.0981
Bihar,Parihara,25.5378,86.2728
West Bengal,Dogachi,24.6195,87.9221
Rajasthan,Mandalgarh,25.2,75.1
Bihar,Kauriya,26.1517,84.6948
Tamil Nadu,Gangaikondan,11.5389,79.4765
Kerala,Valayam,11.7214,75.6697
Jharkhand,Haidarnagar,24.4883,83.9443
Tamil Nadu,Vellodu,10.3048,77.9552
Tamil Nadu,Vembarpatti,10.25,78.1167
Madhya Pradesh,Khajawa,24.9174,79.9269
Kerala,Irikkur,11.97,75.57
Goa,Colangute,15.5417,73.7619
Karnataka,Turuvanur,14.22,76.4
Himachal Pradesh,Nawagarh,31.1899,77.6261
Tamil Nadu,Gangavalli,11.4983,78.6461
Odisha,Bideipur,21.0147,86.8195
Punjab,Tibri,31.9854,75.4316
Bihar,Madanpur,25.867,86.7875
Bihar,Simri,26.1639,85.7617
Andhra Pradesh,Arugollu,16.8253,81.5775
Andhra Pradesh,Kodigenahalli,13.8608,77.4792
Tamil Nadu,Singalandapuram,11.4166,78.2224
Telangana,Amrabad,16.3833,78.8333
Telangana,Chityal,17.2333,79.1333
Tamil Nadu,Kannivadi,10.3794,77.8303
Bihar,Nawada,26.0881,86.153
Tamil Nadu,Manavalakurichi,8.1478,77.3055
Madhya Pradesh,Barghat,22.0306,79.7328
Madhya Pradesh,Badarwas,24.9752,77.5649
Bihar,Gopalpur,26.1317,84.3594
Karnataka,Kudachi,16.48,74.78
Andhra Pradesh,Palkur,15.4144,78.2507
Andhra Pradesh,Bodagudipadu,14.7385,79.8602
Bihar,Darihat,24.9702,84.2319
Bihar,Malepur,24.974,86.2555
Punjab,Sobraon,31.1833,74.85
Tamil Nadu,Tamaraikkulam,10.1085,77.5553
Bihar,Sher Chakla,25.3848,86.6952
Andhra Pradesh,Tummalapenta,15.0278,78.0234
Tamil Nadu,Kovilur,12.5537,78.9168
Bihar,Kaleyanpur,26.4297,84.9327
Chattisgarh,Mohda,21.2751,81.6676
Tamil Nadu,Tiruppanandal,11.0919,79.4538
Andhra Pradesh,Vempalle,13.5382,78.4604
Bihar,Chak Husaini,25.5169,86.5566
Jharkhand,Karma,23.684,85.5706
Kerala,Kannadiparamba,11.935,75.403
Karnataka,Kaladgi,16.204,75.5
West Bengal,Madanpur,23.02,88.48
Andhra Pradesh,Bhimadolu,16.8144,81.2617
Madhya Pradesh,Isagarh,24.8391,77.8827
Bihar,Barahari,25.7652,87.0937
Karnataka,Ajjampur,13.7279,76.0068
Himachal Pradesh,Bilaspur,31.33,76.75
Tamil Nadu,Avalepalli,12.7714,77.8594
Telangana,Domkonda,18.2561,78.4377
Kerala,Kunjatturu,12.7431,74.8861
Chattisgarh,Dantewara,18.9,81.339
Telangana,Pitlam,18.2227,77.8238
Bihar,Balhapur,25.3511,86.2122
Tamil Nadu,Ottaikkalmantapam,10.8827,76.9943
Bihar,Mahuwa Singhrai,25.8168,85.3853
Bihar,Babhanganwa,26.1398,86.8464
Bihar,Karpi,25.1612,84.7299
Kerala,Chengara,10.129,76.373
Madhya Pradesh,Atner,21.6238,77.9152
Bihar,Mohania,25.1692,83.6192
Maharashtra,Nighoj,18.9597,74.2769
Andhra Pradesh,Rayapalle,16.2828,81.2504
Andhra Pradesh,Razole,16.4743,81.8402
Bihar,Sisai,26.1899,84.5643
Andhra Pradesh,Duvva,16.7792,81.6242
Karnataka,Amingarh,16.0572,75.9489
Telangana,Gondalga,17.8053,79.8944
Bihar,Patalia,25.66,86.0066
West Bengal,Dattapulia,23.24,88.7058
Madhya Pradesh,Dhana,23.747,78.8623
Karnataka,Nalatvad,16.34,76.14
Assam,Lala,24.5542,92.6159
Karnataka,Kurtkoti,15.3681,75.5239
Manipur,Bishenpur,24.6282,93.761
Bihar,Rahui,25.2728,85.5555
Madhya Pradesh,Karnawad,22.7361,76.2439
Bihar,Rukhae,25.3269,85.3725
Haryana,Kheri Naru,29.6479,76.911
Bihar,Beur,25.569,85.0944
Andhra Pradesh,Janapadu,16.4617,79.8699
Karnataka,Borgaon,16.42,74.58
Madhya Pradesh,Kodriva,22.5342,75.7725
Gujarat,Avidha,21.6651,73.0366
Kerala,Perungala,9.1764,76.5278
Rajasthan,Siriari,25.6733,73.8084
Kerala,Karuvellur,12.1733,75.2097
Bihar,Sikat,25.5186,87.4423
Madhya Pradesh,Chandla,25.0715,80.1929
Telangana,Khanapur,19.0333,78.6667
Tamil Nadu,Marudur,10.916,78.4509
Andhra Pradesh,Gudikallu,15.7441,77.476
Gujarat,Vaghodia,22.3,73.38
Bihar,Sukhasan,25.9644,86.7732
Bihar,Afzala,25.9319,86.2293
Kerala,Madakkathara,10.55,76.2583
Bihar,Jamira,25.5535,84.7063
Odisha,Udayagiri,20.1242,84.3687
Kerala,Elanad,10.6167,76.3833
Bihar,Kesariya,26.3342,84.8548
Telangana,Yedapalli,18.6789,77.9505
Kerala,Palakkuzhi,9.8833,76.6139
Kerala,Chembrassheri,11.1243,76.2582
Telangana,Dundigal,17.5781,78.4288
Punjab,Panjgirain Kalan,30.6096,74.9143
Karnataka,Nagnur,16.14,74.81
Andhra Pradesh,Nallajerla,16.95,81.4
Tamil Nadu,Gullapuram,10.0657,77.6446
Kerala,Villanchirai,9.7198,76.6517
Bihar,Bhakua,26.5167,86.1974
Bihar,Kulharia,25.3382,86.7612
Tamil Nadu,Kadattur,12.0861,78.2926
Andhra Pradesh,Chinna Mushidivada,17.8057,83.2033
Bihar,Daharia,26.1807,87.0043
Bihar,Ghordaur,25.7089,86.612
Telangana,Kotgir,18.5722,77.8243
Maharashtra,Talegaon Dhamdhere,18.6678,74.1536
Bihar,Basaon,26.2082,84.6174
Tamil Nadu,Vellarivalli,11.6003,77.7927
Goa,Benaulim,15.27,73.9346
Bihar,Pariharpur,26.4026,86.1256
Bihar,Gaundra,26.3683,85.0036
Andhra Pradesh,Amaravati,16.573,80.358
Tamil Nadu,Uppidamangalam,10.9034,78.1575
Tamil Nadu,Panapakkam,12.921,79.5663
Tamil Nadu,Velanganni,10.6814,79.8508
Tamil Nadu,Vikravandi,12.0369,79.546
Bihar,Abhwar,26.174,86.6324
Bihar,Telmar,25.4237,85.4358
Bihar,Besarh,25.9537,87.0491
Andhra Pradesh,Chimalapadu,16.8902,80.6505
Andhra Pradesh,Paruchuru,15.967,80.275
Madhya Pradesh,Bagli,22.6412,76.3488
Bihar,Barka Parbatta,25.3396,87.0576
Andhra Pradesh,Mangalapur,13.6245,79.5803
West Bengal,Tiorpara,22.238,88.5614
Bihar,Bijai,25.4711,87.0874
Tamil Nadu,Nattappettai,12.8187,79.7493
Karnataka,Sigli,15.0631,75.4667
Andhra Pradesh,Vemulapudi,17.6087,82.6138
Kerala,Payyanadam,11.0108,76.4457
Kerala,Pazhanji,10.6885,76.0505
Tamil Nadu,Mangalapuram,11.5667,78.3788
Tamil Nadu,Marungur,8.1721,77.5037
Bihar,Rajpur,25.0768,84.2055
West Bengal,Chandi,22.3503,88.2828
Rajasthan,Amarpura,26.3667,73.9833
Karnataka,Dambal,15.296,75.7737
Kerala,Tiruvarpu,9.5811,76.4749
Bihar,Pataili,25.7872,85.8316
Bihar,Dohta,26.1071,87.9091
Bihar,Bachhauta,25.5242,86.4606
Bihar,Dumaria,26.7652,84.3964
Madhya Pradesh,Narayangarh,24.2708,75.0501
Karnataka,Kagvad,16.48,74.78
Bihar,Goh,24.9845,84.6498
Punjab,Sirhali Kalan,31.2782,74.9413
Telangana,Ratnapuram,18.6283,79.5517
Andhra Pradesh,Undrajavaram,16.7866,81.6997
Tamil Nadu,Padaivedu,11.4401,77.8089
Andhra Pradesh,Aginiparru,16.6817,80.7839
Tamil Nadu,Annamalainagar,11.4,79.7333
Maharashtra,Panchgani,17.925,73.8
Bihar,Fatehpur,25.5089,85.1939
Tamil Nadu,Ettapur,11.6625,78.4764
Tamil Nadu,Tummanatti,11.4284,76.7585
Bihar,Raghunathpur,25.5615,84.305
Punjab,Buttar,31.0038,75.3973
Tamil Nadu,Modakkurichchi,11.2329,77.7794
Kerala,Peringom,12.2236,75.3139
Tamil Nadu,Karivalamvandanallur,9.2715,77.5416
Andhra Pradesh,Doddipatla,16.5167,81.8436
West Bengal,Muragacha,22.696,88.42
Bihar,Sumbha,25.5789,86.3608
Kerala,Kuttyattur,11.9754,75.4927
Bihar,Chhapra,26.4005,85.3721
Tamil Nadu,Manivilundan,11.6004,78.7169
Telangana,Dharmaram,18.3038,79.4892
West Bengal,Daulatnagar,25.3216,87.8443
Tamil Nadu,Nanjai Kilabadi,11.2658,77.77
Bihar,Dharphari,26.1501,84.9564
Kerala,Perladka,12.6426,75.1049
West Bengal,Sabang,22.183,87.599
Punjab,Mahalpur,31.3618,76.0377
Tamil Nadu,Gopalasamudram,8.6747,77.6379
Maharashtra,Jula Buzarg,19.4639,76.9861
Jharkhand,Arsali,24.3754,83.5903
Bihar,Mathurapur,24.9073,85.9836
Telangana,Bichkunda,18.4,77.7167
Andhra Pradesh,Kathevaram,16.261,80.636
Bihar,Khiria,25.6047,87.4578
Andhra Pradesh,Bondada,16.5295,81.4549
Kerala,Tonakkal,8.6312,76.9555
Karnataka,Guttal,14.8333,75.6333
Punjab,Bundala,31.5333,74.9833
Andhra Pradesh,Hissaramuruvani,15.771,77.4194
Madhya Pradesh,Jobat,22.416,74.5683
Karnataka,Marathalli,12.15,77.1
Bihar,Auria,24.8563,87.0112
Bihar,Manikpur,25.1339,86.6777
Andhra Pradesh,Penamaluru,16.4681,80.7194
Jammu and Kashmir,Hajan,34.2989,74.6168
Punjab,Samalsar,30.6364,74.9983
Karnataka,Hulkoti,15.4333,75.5333
Karnataka,Bajala,12.8537,74.8853
Bihar,Kaua Kol,24.8447,85.8867
Gujarat,Gothva,23.4781,72.5624
Bihar,Tetari,25.3757,87.0691
West Bengal,Saktipur,23.864,88.1987
Tamil Nadu,Ayodhyapattanam,11.6755,78.2409
Maharashtra,Koregaon,18.6456,74.0592
Bihar,Maqsuda,26.241,86.0585
Jharkhand,Barhi,24.3045,85.4195
Karnataka,Sargur,11.9997,76.3961
Bihar,Shitab Diara,25.7563,84.6133
Karnataka,Kanabur,13.3523,75.4517
Karnataka,Kallur,16.1405,77.2081
Andhra Pradesh,Rajupalem,15.1385,79.996
Karnataka,Tirumakudal Narsipur,12.2121,76.9018
Karnataka,Kavital,16.1082,76.7962
Andhra Pradesh,Medapadu,17.0044,82.1001
Tamil Nadu,Kottaram,8.1188,77.5243
Andhra Pradesh,Gurlapeta,18.1167,83.4167
Tamil Nadu,Takkolam,13.0164,79.7325
Bihar,Chandhaus,25.2977,84.8595
Bihar,Udaipur Bithwar,26.2872,86.1578
Andhra Pradesh,Peddavadlapudi,16.4098,80.6114
Bihar,Ekwari,25.2975,84.4994
Tamil Nadu,Nasiyanur,11.3381,77.6408
Haryana,Gorakhpur,29.4467,75.6724
Tamil Nadu,Killai,11.4493,79.7668
Andhra Pradesh,Kalikiri,13.6333,78.8
Tamil Nadu,Pallappalaiyam,10.9951,77.0845
Karnataka,Jalhalli,13.0333,77.55
Bihar,Paina,25.5406,86.9939
Bihar,Balua,26.3272,87.6231
Madhya Pradesh,Mohgaon,21.6394,78.7364
Andhra Pradesh,Pandireddigudem,16.8,81.3167
Bihar,Fatehpur,26.2813,87.1084
Bihar,Rasauli,26.127,84.8378
West Bengal,Charabidya,22.3303,88.7702
Karnataka,Turbihal,15.7614,76.5964
Jammu and Kashmir,Ajas,34.3316,74.6801
Tamil Nadu,Darasuram,10.9515,79.3562
Tamil Nadu,Neykkarappatti,11.6225,78.1058
Bihar,Dayalpur Sapha,25.7122,85.3188
Bihar,Baraon,25.4551,84.2661
Bihar,Neuri,26.0076,86.1841
Bihar,Fatehpur,25.2463,87.038
Bihar,Barah,25.3885,85.4912
Andhra Pradesh,Peddakurapadu,16.4833,80.2667
Karnataka,Gangoli,13.6538,74.6664
Tamil Nadu,Kalaiyamputtur,10.4542,77.4831
West Bengal,Belpukur,21.9851,88.2125
Madhya Pradesh,Thara,26.7027,78.2788
Bihar,Chandauli,25.8972,85.7161
Punjab,Sidhwan,31.2725,75.3652
Maharashtra,Jalam,20.8167,76.5833
Madhya Pradesh,Ghoradongri,22.1228,78.0025
Gujarat,Moviya,21.9153,70.8465
Bihar,Amauna,25.0531,84.5169
Andhra Pradesh,Dammennu,16.8255,81.7079
Tamil Nadu,Anandapuram,11.09,76.9422
Bihar,Lohiyar Ujain,26.6284,84.7452
Jharkhand,Baduriatola,24.0928,84.0895
Kerala,Kottapadi,10.0667,76.6
Haryana,Chhara,28.6957,76.7072
West Bengal,Chawalhati,26.4841,88.5677
Andhra Pradesh,Kollipara,16.2877,80.7519
Haryana,Chang,28.8808,76.2427
Bihar,Jianganj,25.8661,87.2612
Bihar,Sitalpur,26.405,85.007
Bihar,Barwat Pasrain,26.7925,84.5469
Bihar,Phulwaria,25.9395,85.0035
Jharkhand,Bachra,23.6886,85.0703
Andhra Pradesh,Lingamparti,17.2827,82.1231
Andhra Pradesh,Uppada,17.0833,82.3333
Tamil Nadu,Palangarai,11.1978,77.3058
Madhya Pradesh,Garhi,25.0447,79.6772
Tamil Nadu,Kudangulam,8.1901,77.7002
Bihar,Jhaua,25.625,84.5161
Bihar,Mirdaul,26.2363,87.0971
Andhra Pradesh,Mulakaluru,16.2776,80.0672
Bihar,Jaitpur,25.9132,84.573
Andhra Pradesh,Lakkavaram,17.0628,81.2919
Kerala,Cherutana Tekku,9.323,76.4382
Bihar,Sakhmohan,25.6325,85.9859
Bihar,Rampur Shamchand,25.5664,85.3289
Andhra Pradesh,Kachavaram,16.5361,79.7187
Andhra Pradesh,Atmakuru,14.6452,77.3554
Uttar Pradesh,Amarwa Khurd,26.8333,84.25
Punjab,Kalanaur,32.01,75.09
Madhya Pradesh,Karahal,25.4909,77.0543
West Bengal,Kankandighi,21.9744,88.4659
Tamil Nadu,Vellakkinar,11.0736,76.9566
Telangana,Tirmaigiri,16.723,79.3374
Karnataka,Gurgunta,16.2558,76.5628
Bihar,Sisauna,26.132,87.6231
Bihar,Bairia,25.5563,85.1835
Tamil Nadu,Kalappalangulam,9.1889,77.5604
Bihar,Saghar Sultanpur,26.1583,84.757
Karnataka,Bagewadi,16.29,74.6
Tamil Nadu,Elavanasur,11.7154,79.1796
Andhra Pradesh,Pentapadu Kasba,16.7804,81.5254
Tamil Nadu,Kalavai,12.7691,79.4196
Madhya Pradesh,Ringnod,22.6113,74.9338
Kerala,Edattirutti,10.3667,76.1333
Kerala,Koturkolkara,9.5667,76.8833
Kerala,Alayaman,8.8843,76.9653
Tamil Nadu,Tanakkangulam,9.8877,78.0397
Bihar,Mansapur,26.5262,86.4101
Madhya Pradesh,Rehti,22.7378,77.434
Tamil Nadu,Mulaikkaraippatti,8.5454,77.7679
Andhra Pradesh,Ganapavaram,15.9232,80.5856
Bihar,Dhutauli,25.5274,86.625
Tamil Nadu,Chinnasekkadu,13.1609,80.2573
Bihar,Daparkha,26.1293,86.9004
Karnataka,Saunshi,15.2167,75.3
Tamil Nadu,Vedappatti,10.9988,76.896
Bihar,Rahika,26.3803,86.0204
Bihar,Bihariganj,25.7341,86.9884
Bihar,Sugauna,26.4077,86.2174
Kerala,Kallad,9.95,76.6667
West Bengal,Janai,22.7157,88.2426
Tamil Nadu,Meddappakkam,12.9166,80.1939
Tamil Nadu,Kadachchinallur,11.3686,77.8033
Bihar,Sattar,25.955,86.5828
Bihar,Barhauna,25.6043,85.7288
Haryana,Kaul,29.8461,76.6608
Kerala,Mullassheri,10.5333,76.0833
Bihar,Salempur,26.4588,84.6517
Karnataka,Arakere,12.4133,76.8168
Punjab,Ganga,30.3229,74.9234
Arunachal Pradesh,Ziro,27.5664,93.8314
Bihar,Bela Simri,25.5295,86.3079
Uttar Pradesh,Bhagwanpur Khurd,26.75,83.74
Andhra Pradesh,Venkatagirikota,13.0012,78.4795
Bihar,Bazidpur,26.1536,86.1511
Madhya Pradesh,Govindgarh,24.3785,81.2964
Telangana,Yelmalla,18.8241,78.1609
Tamil Nadu,Kachchippalli,11.595,77.9188
Tamil Nadu,Chinnakkampalaiyam,10.7064,77.4575
Himachal Pradesh,Arohi,31.8419,76.8645
Bihar,Kurwa Mathia,26.8572,84.5058
Karnataka,Lokapur,16.1656,75.366
Bihar,Gaura,24.9643,86.3739
Bihar,Rampurwa,26.7544,84.7114
Karnataka,Mallapur,16.14,74.81
Bihar,Jasauli,26.4996,84.8171
Tamil Nadu,Kannudaiyampatti,10.6377,78.4733
Telangana,Mudhol,18.9667,77.9167
Tamil Nadu,Nangavalli,11.7619,77.8909
Bihar,Harpur Bochaha,25.5919,85.7517
Andhra Pradesh,Nandyalampeta,14.7218,78.8083
Andhra Pradesh,Chodavaram,17.438,81.7781
Bihar,Chahatpur,26.2331,87.5816
Bihar,Bariyarpur,26.6347,84.9245
Bihar,Maheswa,25.9718,86.855
Kerala,Anaikal,9.6003,76.6846
Jharkhand,Maharajpur,25.2087,87.7458
Tamil Nadu,Vadasseri,8.1937,77.4343
Bihar,Nawada Gobindganj,26.4868,84.6561
Madhya Pradesh,Barud,21.7497,75.527
Tamil Nadu,Kolappalur,11.51,77.45
Gujarat,Kamrej,21.1364,72.9572
Gujarat,Maroli,21.024,72.889
West Bengal,Begampur,22.3705,88.494
Bihar,Dharampur Bande,25.6609,85.5742
Bihar,Bahadurpur,25.4522,85.6303
Bihar,Majarhat,25.9654,86.8126
Andhra Pradesh,Chinna Gollapalem,16.3701,81.5322
Maharashtra,Mahabaleshwar,17.925,73.6575
Telangana,Bandlaguda,17.3543,78.3853
Andhra Pradesh,Jami,18.05,83.2667
Bihar,Sonbarsa,25.7069,86.7379
Andhra Pradesh,Duvvuru,14.8333,78.65
Andhra Pradesh,Obalapuram,14.8,78.783
Karnataka,Emmiganuru,15.15,76.92
Delhi,Bakhtawarpur,28.821,77.166
Bihar,Mahtha,26.5988,86.3158
Bihar,Pirnagar,25.5982,86.7178
Bihar,Bari,25.8769,86.1918
Telangana,Damarcherla,16.7269,79.6369
Tamil Nadu,Sivalarkulam,8.87,77.5267
Andhra Pradesh,Madugula,17.9167,82.8
Bihar,Nirakpurpali,25.3244,84.8114
Bihar,Samai,24.9788,85.5861
Andhra Pradesh,Battulapalle,14.5167,77.7833
Karnataka,Sante Bennur,14.1697,76.0033
Tamil Nadu,Peraiyur,9.7341,77.79
Telangana,Manakondur,18.3981,79.225
Madhya Pradesh,Bamhni,22.4822,80.3716
Bihar,Alampur Gonpura,25.5404,85.0511
Kerala,Maniyur,11.95,75.45
Bihar,Daharia,25.5307,87.5947
Andhra Pradesh,Kotturu,17.2958,82.4752
Telangana,Puduru,16.152,77.8273
Karnataka,Mugutkhan Hubli,15.79,74.75
Uttar Pradesh,Sheopuria,28.53,79.77
Bihar,Tilari,25.004,85.252
Jammu and Kashmir,Awantipur,33.9233,75.0128
Andhra Pradesh,Ponduru,18.3508,83.7567
Tamil Nadu,Puttanattam,10.467,78.3687
Bihar,Kakan,26.1509,87.5674
Tamil Nadu,Tenmalai,9.3129,77.4959
Kerala,Adukam,9.7954,76.8456
Kerala,Kanniyambram,10.7333,76.4
Tamil Nadu,Naduhatti,11.4043,76.816
Tamil Nadu,Kadiyampatti,11.872,78.0961
Karnataka,Sirur,16.0965,75.7858
Bihar,Jalpura,25.4862,84.737
Bihar,Simri,25.7523,86.6074
Telangana,Motkur,17.4569,79.2592
Andhra Pradesh,Parigi,13.9069,77.4572
Kerala,Chariyakulam,9.6527,77.1226
Haryana,Kharak Kalan,28.807,76.314
Bihar,Garh Sisai,25.6253,85.7887
Andhra Pradesh,Belagal,15.8183,77.6702
Tamil Nadu,Muttanampalaiyam,11.0845,77.3969
Kerala,Angadikkal Tekkekara,9.2063,76.7835
Jharkhand,Hosir,23.7735,85.8132
Bihar,Khagra,25.3511,87.0624
Tamil Nadu,Minakshipuram,9.8815,77.2747
Uttarakhand,Mahuakheraganj,29.13,78.92
Karnataka,Koppal,15.35,76.15
Jharkhand,Chandwa,23.6756,84.7401
Andhra Pradesh,Karedu,15.1833,80.0667
Tamil Nadu,Kamalapuram,11.768,78.0599
Tamil Nadu,Appukkudal,11.4684,77.5766
Tamil Nadu,Tirukkattuppalli,10.51,78.57
Jharkhand,Mandramo,24.1822,85.8734
Maharashtra,Murud,18.33,72.96
Bihar,Nohsa,25.5653,85.0558
Karnataka,Parasurampur,14.2606,76.8826
Bihar,Pilich,25.2379,85.3483
Telangana,Marikal,16.602,77.7294
Telangana,Devapur,19.0443,79.3499
Rajasthan,Osian,26.7167,72.9167
Assam,Lakhipur,24.8,93.02
Gujarat,Nakhtarana,23.35,69.2633
Bihar,Turki,26.0294,86.0666
Madhya Pradesh,Betma,22.68,75.62
Bihar,Mahrail,26.2952,86.2763
Tamil Nadu,Mayamankurichchi,8.8855,77.5041
Gujarat,Hansot,21.5833,72.8
Bihar,Tola Khadda,26.7396,84.5014
West Bengal,Champadanga,22.83,87.96
Bihar,Kewatgawan,25.8012,86.3229
Karnataka,Savalgi,16.671,75.3515
Tamil Nadu,Pannaikkadu,10.2761,77.6272
Karnataka,Sattegalam,12.15,77.1
Bihar,Usmanpur,25.3487,86.9669
Bihar,Dhanupra,25.6992,86.4716
Bihar,Paithan Kawai,26.1755,86.0685
Andhra Pradesh,Coringa,16.8,82.2333
Andhra Pradesh,Zuvvaladinne,14.808,80.0705
Bihar,Gosaingaon,25.3724,87.1049
Haryana,Devsar,28.76,76.087
Uttarakhand,Vikasnagar,30.468,77.774
Tamil Nadu,Alwarkurichchi,8.7838,77.3952
Bihar,Kotwapatti Rampur,25.7153,84.8063
West Bengal,Domahani,23.7569,87.0256
Maharashtra,Thair,18.3213,76.133
Tamil Nadu,Tiruppalai,9.9825,78.143
Punjab,Chabal Kalan,31.4818,74.7927
Punjab,Kathanian,31.6373,74.7572
Kerala,Kuttiyeri,12.0667,75.35
Madhya Pradesh,Shahpura,23.1828,80.6997
Bihar,Bheja,26.1046,86.395
Andhra Pradesh,Zaladanki,14.8843,79.9125
Tamil Nadu,Ranranagudipeta,12.6618,78.5483
Tamil Nadu,Lakshminarayanapuram,11.7914,79.5555
West Bengal,Patiram,25.3167,88.75
Andhra Pradesh,Guruvarajukuppam,13.1125,79.5472
Bihar,Ahirauliya,26.5091,84.7999
Madhya Pradesh,Harrai,22.6143,79.2221
Maharashtra,Bhanas Hivre,19.4858,74.9664
Tamil Nadu,Hanumantanpatti,9.7858,77.317
Tamil Nadu,Nelmadur,9.51,78.3
Goa,Kankon,15.02,74.02
Assam,Gohpur,26.8818,93.6156
Karnataka,Bandalli,12.164,77.3504
Tamil Nadu,Kallupatti,9.7167,77.8667
Bihar,Bairia,26.7373,84.4371
Gujarat,Dhansura,23.3492,73.2119
Bihar,Titara,26.2311,84.2444
Kerala,Mallappulasseri,9.3167,76.6833
Tamil Nadu,Hullatti,11.4771,76.696
Andhra Pradesh,Kolattur,13.3295,79.4797
Kerala,Maraiyur,10.2762,77.1615
Tamil Nadu,Ponnai,13.1276,79.2575
Andhra Pradesh,Buttayagudem,17.2089,81.3014
Kerala,Payyanpalli,11.8111,76.0556
Tamil Nadu,Kalingiyam,11.4324,77.4178
Tamil Nadu,Ammavarikuppam,13.1784,79.4169
Bihar,Kamtaul,26.328,85.8238
Madhya Pradesh,Tendukheda,23.1708,78.8724
Tamil Nadu,Chennampatti,11.7011,77.6785
Kerala,Kallamalai,11.0489,76.5691
Tamil Nadu,Attanur,11.5006,78.1356
West Bengal,Panjipara,26.1369,88.0132
Bihar,Sher,26.3422,84.621
Bihar,Arma,25.1966,86.2468
Madhya Pradesh,Shamsabad,23.8149,77.4957
Tamil Nadu,Olagadam,11.5656,77.6428
Bihar,Dharhara,25.2543,86.403
Karnataka,Moka,15.238,77.0599
Telangana,Ichora,19.4333,78.4667
Karnataka,Nitte,13.1858,74.9394
Tamil Nadu,Tenambakkam,12.8102,79.7341
Telangana,Dubak,18.1744,78.6667
Bihar,Koskapur,26.2669,87.1465
Madhya Pradesh,Alampur,26.0251,78.797
Bihar,Bandwar,25.5093,86.1595
Bihar,Aphaur,25.8828,84.7595
Tamil Nadu,Periyakoduveri,11.4811,77.2989
Tamil Nadu,Kattukkottai,11.6026,78.6698
Bihar,Desri,25.6691,85.4082
Goa,Navelim,15.2564,73.9686
Bihar,Jankinagar,25.8955,87.0668
Bihar,Dasraha Bhograjpur,25.5691,85.6441
Bihar,Kotia,26.275,86.0532
Tamil Nadu,Chettipulam,10.4743,79.7546
Tamil Nadu,Pandalkudi,9.3947,78.1051
Bihar,Hasanpur,25.633,85.5728
Manipur,Kakching Khunou,24.4047,93.8998
Bihar,Paikpar,26.0966,87.1349
Telangana,Atmakur,16.3364,77.8056
Bihar,Nawada,25.1021,86.6902
Punjab,Kot Shamir,30.1191,75.0058
Andhra Pradesh,Melavayi,13.9397,77.2256
Telangana,Pebberu,16.2167,77.9833
Madhya Pradesh,Lodhikheda,21.5824,78.8591
Tamil Nadu,Eraniel,8.2059,77.3173
Bihar,Hathwan,25.6672,86.3999
Tamil Nadu,Erumaippatti,11.1467,78.29
Andhra Pradesh,Yenkuvarigudem,17.2055,81.1598
Madhya Pradesh,Baikunthpur,24.7277,81.4098
Tamil Nadu,Kulattur,10.7052,78.5507
Telangana,Polas,18.83,78.97
Tamil Nadu,Sevur,12.6865,79.2687
Bihar,Dagmara,26.3953,86.7601
Karnataka,Kamalnagar,18.231,77.1791
West Bengal,Paiker,24.4388,87.9112
Bihar,Mekra,25.4705,85.8406
West Bengal,Mahespur,24.6954,87.9414
Madhya Pradesh,Khujner,23.786,76.6177
Tamil Nadu,Eral,8.6258,78.0228
Tamil Nadu,Kallanai,10.0374,78.0829
Karnataka,Doddanahalli,12.3892,76.9672
Tamil Nadu,Manamodu,11.1965,79.5953
Kerala,Neralakaje,12.5884,75.0348
Kerala,Narala,12.5884,75.0348
West Bengal,Gopalnagar,22.8289,88.2139
Andhra Pradesh,Chamarru,16.65,80.1333
Bihar,Bhachhi Asli,26.0147,86.0444
Madhya Pradesh,Karrapur,23.9489,78.8658
Tamil Nadu,Ammapettai,11.6197,77.7426
Karnataka,Dharmastala,12.9479,75.3807
Bihar,Pathra,24.8804,87.0447
Tamil Nadu,Puduvayal,10.1034,78.8462
Karnataka,Hanur,12.0874,77.3021
Madhya Pradesh,Chichli,22.8336,78.8261
West Bengal,Kumirimora,22.6969,88.2267
Gujarat,Ghogha,21.68,72.28
Bihar,Lauriya Nandangarh,26.9985,84.4085
Telangana,Kolanpak,17.6942,79.0348
Tamil Nadu,Kottagudi Muttanad,10.0133,77.0633
Andhra Pradesh,Sabbavaram,17.79,83.123
Bihar,Belwa,26.1056,87.4916
Jharkhand,Loiyo,23.7928,85.632
Telangana,Rudrur,18.67,77.9
Andhra Pradesh,Bukkapatnam,14.2,77.8
Karnataka,Mariyammanahalli,15.16,76.36
Jharkhand,Doranda,24.471,85.9449
Bihar,Turki,26.0381,85.3577
Sikkim,Namchi,27.17,88.35
Kerala,Karimkunnum,9.85,76.6833
Bihar,Saraiya,25.6467,84.6312
Kerala,Kuttur,10.5631,76.1951
Bihar,Bhaisalotan,27.45,83.9167
Tamil Nadu,Uppukkottai,9.9587,77.4105
West Bengal,Ghoradal,22.0519,88.3594
Bihar,Srinagar,25.9823,86.6662
Tamil Nadu,Nemili,12.9783,79.6172
Punjab,Bhankarpur,30.65,76.82
Karnataka,Matala,17.8244,76.8591
Tamil Nadu,Kayattar,8.9469,77.7714
Kerala,Kottaya,10.7646,76.5452
Tamil Nadu,Vannivedu,12.9173,79.353
Kerala,Vandithavalam,10.65,76.7583
Rajasthan,Raipur,26.05,74.02
Bihar,Gajhara,26.5237,86.3715
Karnataka,Morab,15.5833,75.1667
Bihar,Raghopur,25.318,87.008
Punjab,Samadh Bhai,30.5985,75.1506
Tamil Nadu,Kesarimangalam,11.5423,77.7247
Jammu and Kashmir,Panzgam,34.484,74.0753
Madhya Pradesh,Eklahra,22.2036,78.6893
Bihar,Barsaun,25.6316,84.4372
Tamil Nadu,Muthuswamipuram,9.39,77.4887
Telangana,Mulug,18.1895,79.9437
Tamil Nadu,Pachchaimalaiyankottai,10.2736,77.8794
Bihar,Mangarwara,26.0119,87.0854
Jharkhand,Mandu,23.7946,85.4687
Madhya Pradesh,Antri,26.0581,78.21
Telangana,Velair,18.0071,79.3272
Kerala,Kuzhippilli,10.015,76.22
West Bengal,Kharar,22.7,87.68
West Bengal,Champahati,22.4043,88.4937
Andhra Pradesh,Pulakurti,15.7502,77.7091
Bihar,Sonupur,25.8,86.0253
Kerala,Punnila,9.0842,76.9175
Karnataka,Yedtare,13.9246,74.6171
Madhya Pradesh,Bharweli,21.8373,80.2271
Madhya Pradesh,Datoda,22.5713,75.8823
Madhya Pradesh,Manegaon,23.2062,80.0123
Tamil Nadu,Kirippatti,11.5357,78.4897
Karnataka,Bhairapura,12.2119,76.8953
Andhra Pradesh,Anndevarapeta,17.0937,81.5799
Tamil Nadu,Pillanallur,11.4322,78.1334
Bihar,Narhat,24.7774,85.4237
Andhra Pradesh,Papampeta,14.6855,77.578
Tamil Nadu,Ganapatipalaiyam,11.0309,77.3367
Tamil Nadu,Mugalivakkam,13.0205,80.1653
Bihar,Birdaban,26.4012,84.9934
Kerala,Kodusseri,10.3431,76.3931
Bihar,Rampur Kudarkatti,26.0672,87.4795
Punjab,Nihal Singhwala,30.5919,75.2804
Tamil Nadu,Viswanathaperi,9.3359,77.45
Bihar,Bhagwanpur Desua,25.8124,85.8382
West Bengal,Kesabpur,22.6196,88.2075
Punjab,Dhaula,30.2856,75.4602
Bihar,Khanpur,25.8572,85.933
Jammu and Kashmir,Bishnah,32.6106,74.8556
Bihar,Bharokhara,25.8655,85.6834
Bihar,Pharkia,25.9384,87.4034
Tamil Nadu,Nattarampalli,12.592,78.5116
Karnataka,Chalgeri,14.5652,75.7166
Bihar,Bangawan,26.0427,87.4202
Rajasthan,Goner,26.7795,75.9123
Bihar,Sarmastpur,25.949,85.5751
Tamil Nadu,Vilangurichchi,11.0709,77.0178
Karnataka,Manne Ekeli,17.72,77.36
Rajasthan,Bagra,25.2,72.5833
Andhra Pradesh,Pittalavanipalem,15.9686,80.6054
Tamil Nadu,Mettuppalaiyam,11.4503,77.5682
Andhra Pradesh,Karvetnagar,13.4167,79.45
Tamil Nadu,Paramanandal,12.3585,78.7664
Bihar,Sabaur,25.2428,87.0446
Kerala,Edamon,9,76.9667
Bihar,Gulni,24.9309,85.803
Odisha,Chudamani,21.1379,86.7794
Uttar Pradesh,Utehia,26.4484,81.3651
West Bengal,Kumarkhali,22.3598,88.799
Andhra Pradesh,Velivennu,16.5034,81.4116
Bihar,Balha,25.5468,86.5683
Bihar,Sahtah,25.8567,85.2407
West Bengal,Singhbari,25.3761,87.9485
Kerala,Viyapuram,9.3167,76.4667
Bihar,Basantpur,26.1331,87.4656
Karnataka,Huvin Hippargi,16.59,75.96
Haryana,Khanda,28.9167,76.8833
Andhra Pradesh,Pinneli,16.5689,79.8334
Maharashtra,Dahivel,21.0667,74.1667
Uttar Pradesh,Jai,28.9833,77.9333
Andhra Pradesh,Ramachandrapuram,16.5689,81.6645
Karnataka,Sadalgi,16.42,74.58
Maharashtra,Halgar,18.0958,76.8881
Rajasthan,Arni ka Khera,24.9,74.33
Kerala,Pramatam,9.2667,76.7333
Telangana,Arutla,17.1346,78.7574
Madhya Pradesh,Talen,23.5695,76.7282
Andhra Pradesh,Doranala,15.9,79.1
Telangana,Mugdampalli,17.6167,77.4974
Bihar,Husepur,26.4609,84.1699
Jharkhand,Tundhul,23.3247,85.2447
Andhra Pradesh,Kaviti,19.0167,84.6833
Andhra Pradesh,Pata Putrela,17.0173,80.7137
Tamil Nadu,Siruvachchur,11.638,78.7557
Tamil Nadu,Minnal,13.0744,79.559
Tamil Nadu,Rasingapuram,9.9448,77.3362
Bihar,Hathauri,25.9593,85.9747
Bihar,Marauatpur,25.6165,85.4685
Madhya Pradesh,Malthone,24.3055,78.5283
Andhra Pradesh,Tetagunta,17.314,82.443
Bihar,Taran,26.157,87.543
Bihar,Saksohara,25.3635,85.7013
Tamil Nadu,Viralippatti,10.1081,77.7257
Punjab,Awankh,32.1392,75.4611
Bihar,Karaund,25.9741,86.2343
Gujarat,Adalaj,23.17,72.58
Tamil Nadu,Pudur,11.296,77.7478
Jammu and Kashmir,Noria,32.521,74.7984
Tamil Nadu,Vijayapati,8.1913,77.7476
Tamil Nadu,Jadayampalaiyam,11.293,76.9495
Bihar,Sondho Dullah,25.9016,85.3569
Karnataka,Konaje,12.8162,74.9021
Karnataka,Amarapuuram,14.1333,76.9833
Madhya Pradesh,Umri,26.5106,78.9367
Punjab,Khem Karan,31.145,74.545
Kerala,Parappukara,10.4064,76.2657
Haryana,Dhanauri,29.7833,76.1833
West Bengal,Chaital,22.5106,88.7996
Telangana,Pedda Adsarlapalli,16.7086,79.0286
Kerala,Mullurkara,10.7,76.2667
Andhra Pradesh,Mandasa,18.8683,84.463
Bihar,Bilauri,25.7703,87.5163
Madhya Pradesh,Hatod,22.7938,75.7393
Tamil Nadu,Paramankurichi,8.4785,78.0465
Kerala,Edattala,9.8678,76.4361
Bihar,Bairo,26.0144,86.51
Jammu and Kashmir,Kotla,32.7522,74.747
Andhra Pradesh,Tanakallu,13.92,78.18
Andhra Pradesh,Kirikera,13.769,77.4841
Tamil Nadu,Mamarappatti,11.4845,78.0374
Bihar,Chandpura,25.4966,86.2104
Tamil Nadu,Ambatturai,10.2603,77.9303
Tamil Nadu,Ajjanahalli,12.0376,77.8138
Andhra Pradesh,Chinna Orampadu,14.0613,79.2671
Bihar,Bhansia,26.0992,87.5316
Andhra Pradesh,Enamadala,16.2281,80.3306
Tamil Nadu,Belur,11.7075,78.4144
Andhra Pradesh,Gundugolanu,16.7833,81.2333
Bihar,Shamshernagar,25.0862,84.4497
Bihar,Pakra,25.3711,87.0807
West Bengal,Nagar,24.0898,87.9902
Tamil Nadu,Mayiladi,8.155,77.5056
Karnataka,Kamlapur,17.5786,76.9887
Tamil Nadu,Puliyampatti,11.6653,77.8041
Andhra Pradesh,Prattipadu,17.2333,82.2
Bihar,Mehsari,25.7554,85.8477
Telangana,Rudrangi,18.6262,78.7022
Jharkhand,Meral,24.1876,83.7076
Bihar,Malar,26.2237,86.6909
Bihar,Khajuri,25.9144,86.6772
Bihar,Chainpur,25.0345,83.5066
Tamil Nadu,Avadattur,11.7014,77.8638
Andhra Pradesh,Pedda Vegi,16.7708,81.1039
Andhra Pradesh,Denduluru,16.4527,81.0951
Kerala,Vellallur,8.7639,76.8345
Telangana,Bibipet,18.2101,78.5221
Andhra Pradesh,Kalipatnam,16.3904,81.5295
Tamil Nadu,Angalakurichchi,10.5282,76.9962
Bihar,Chero,25.2463,85.8169
Punjab,Lahra Muhabbat,30.2421,75.1666
Bihar,Guabari,26.2262,87.9181
Odisha,Itamati,20.1333,85.15
Bihar,Sirsia Hanumanganj,26.1381,87.1133
Bihar,Bataredh,26.425,84.6061
Bihar,Ratanpur,24.8996,86.2888
Uttarakhand,Premnagar,30.3331,77.9608
Bihar,Korahia,26.5325,86.1552
Bihar,Rasulpur,25.9938,85.8935
Uttar Pradesh,Barokhar,24.9167,81.9667
Telangana,Wargal,17.7751,78.6181
Madhya Pradesh,Tikar,24.4194,81.3776
Karnataka,Holalu,14.8406,75.7144
Bihar,Parsa,25.7721,86.1754
Tamil Nadu,Kakalur,13.1394,79.9287
Telangana,Thogapalle,17.1279,80.6355
Karnataka,Beladi,13.1464,74.9399
Tamil Nadu,Srirampuram,10.4346,77.8075
Telangana,Biknur,18.215,78.4367
Tamil Nadu,Vegarai,11.0903,77.9679
Punjab,Roda,30.682,75.0195
Bihar,Sahasmal,26.2461,87.4983
Tamil Nadu,Khansahibpuram,9.6304,77.6028
Andhra Pradesh,Allur,14.68,80.06
Tamil Nadu,Sipalakottai,9.8493,77.4517
Punjab,Kotha Guru,30.4419,75.0948
Andhra Pradesh,Owk,15.2167,78.1167
Madhya Pradesh,Jaitwar,24.732,80.8602
Andhra Pradesh,Kornepadu,16.2444,80.3857
Kerala,Annakattumula,9.8575,76.4009
Bihar,Pastpar,25.8275,86.8327
Andhra Pradesh,Sher Muhammadpuram,18.2997,83.8331
Karnataka,Agadi,14.819,75.469
Tamil Nadu,Tiruvadanai,9.7841,78.9172
Telangana,Rajaram,18.987,79.0844
Kerala,Padinjaremuri,10.2661,76.1461
Andhra Pradesh,Murukondapadu,15.9174,80.4131
Andhra Pradesh,Ganapavaram,16.7,81.4667
Bihar,Abhia,25.3499,87.1427
Maharashtra,Chinaval,21.1964,75.9261
Bihar,Konand,25.1729,85.6842
West Bengal,Chaltabaria,22.2347,88.5014
Tamil Nadu,Vengavasal,12.8991,80.169
Andhra Pradesh,Chintapalle,16.8936,80.1387
Bihar,Dinara,25.247,84.063
Bihar,Hardiya,26.9443,84.8542
West Bengal,Cossimbazar,24.12,88.28
Bihar,Baghauni,25.9338,86.0594
Kerala,Nellipoyil,11.4403,76.0406
Kerala,Chundal,10.6175,76.0947
Bihar,Auta,25.3882,85.9558
Andhra Pradesh,Nandimandalam,14.4052,78.5246
Tamil Nadu,Sindalakkundu,10.3665,77.9046
Bihar,Bithan,25.6954,86.2789
Bihar,Semri,25.3404,84.197
Karnataka,Rattihalli,14.4167,75.5
Bihar,Chakai,26.0884,87.6154
Tamil Nadu,Sengurichchi,10.3756,78.1658
Haryana,Ujhana,29.7155,76.1341
Bihar,Olhanpur,25.8855,84.8186
Punjab,Tibbar,31.9697,75.4159
Tamil Nadu,Vellar,11.8938,77.9698
Jharkhand,Barkagaon,23.8651,85.2167
Telangana,Malial,18.7,78.9667
Tamil Nadu,Mallikkundam,11.8715,77.9227
Kerala,Venkidanga,10.5167,76.0833
Madhya Pradesh,Tirodi,21.6852,79.7191
Bihar,Sothgaon,26.6046,85.9473
Tamil Nadu,Vilandai,11.3267,79.3856
Assam,Bokakhat,26.6402,93.6005
Karnataka,Talakad,12.1887,77.0289
Andhra Pradesh,Kautalam,15.7711,77.1239
Madhya Pradesh,Keolari,22.3697,79.906
Telangana,Nellipaka,17.7679,80.8567
Andhra Pradesh,Karanchedu,15.8823,80.317
Andhra Pradesh,Bayyanagudem,17.125,81.3628
Kerala,Elavalli,10.5667,76.0833
Kerala,Chittattukara,10.5667,76.0833
Andhra Pradesh,Narasapuram,17.1016,81.0765
Bihar,Bagaura,26.0388,84.4624
Bihar,Bhainsahi,26.4404,84.5443
Andhra Pradesh,Nandavaram,16.017,77.531
Kerala,Panamaram,11.739,76.073
Jharkhand,Sukurhutu,23.4433,85.2917
Bihar,Lakri,26.2323,84.6933
Uttar Pradesh,Samesi,26.6145,81.1017
Bihar,Fatehabad,26.0652,84.9722
Kerala,Kattakampala,10.6833,76.0333
Bihar,Isapur,25.4122,86.9893
Kerala,Kizhakkanela,8.652,76.8701
Bihar,Dhanaura,25.1905,87.2595
Andhra Pradesh,Kunkalagunta,16.2969,79.8866
West Bengal,Sonada,26.962,88.2684
Bihar,Karmauli,26.4502,86.1033
Bihar,Siur,24.8166,85.6728
Telangana,Dammapeta,17.2667,81.0167
Telangana,Pongode,16.9246,79.7343
Andhra Pradesh,Chebrolu,16.1967,80.525
Tamil Nadu,Kallakkudi,10.9767,78.9525
Bihar,Nawa Nagar Nizamat,26.2895,84.9351
Punjab,Mahta,31.6647,75.2509
Karnataka,Nallur,14.0871,75.8778
West Bengal,Kotra,22.7062,88.5411
Bihar,Baghambarpur,26.8075,84.4059
Karnataka,Betmangala,13.0085,78.3282
Andhra Pradesh,Rayavaram,17.3608,81.753
Jharkhand,Sewai,23.6175,85.6783
Karnataka,Kolnad,12.9,75.03
Tamil Nadu,Devipattinam,9.477,78.8961
Kerala,Aduru,12.5583,75.1357
Maharashtra,Renapur,18.5167,76.6
Jammu and Kashmir,Guraahai,33.6449,74.2301
Karnataka,Halsur,18.0176,77.0098
Karnataka,Ankli,16.42,74.58
Andhra Pradesh,Tummalacheruvu,16.5246,79.7988
Madhya Pradesh,Khimlasa,24.2058,78.3639
Tamil Nadu,Morur,11.4221,77.8743
Kerala,Vadakkumbagam,10.1487,76.4159
Andhra Pradesh,Kurabalakota,13.65,78.4833
Tamil Nadu,Yercaud,11.7794,78.2034
Andhra Pradesh,Gopalapuram,17.1007,81.5406
Madhya Pradesh,Naigarhi,24.7869,81.7787
Bihar,Jethuli,25.5378,85.2841
Madhya Pradesh,Bahadarpur,21.2922,76.1806
Tamil Nadu,Pettaivayttalai,10.9014,78.494
Andhra Pradesh,Jidigunta,16.9098,81.8553
Punjab,Ghal Kalan,30.8189,75.1063
Telangana,Kushmanchi,17.2263,79.9668
Bihar,Sathmalpur,25.8749,85.8567
Odisha,Khandpara,20.2644,85.1767
Jammu and Kashmir,Gulgam,34.55,74.2173
Bihar,Leama,26.214,85.998
Tamil Nadu,Perumbakkam,13.0133,80.143
Tamil Nadu,Tadapurambakkam,13.3205,80.1959
Andhra Pradesh,Krosuru,16.55,80.1331
Madhya Pradesh,Patera,23.996,79.6837
Telangana,Ghambiraopet,18.3,78.5833
Andhra Pradesh,Chennur,14.1473,79.8477
Tamil Nadu,Chintalavadi,10.9511,78.3158
Tamil Nadu,Labbaikkudikkadu,11.3922,79.0218
Telangana,Dharmaram,18.736,79.2194
West Bengal,Mangalkot,23.5252,87.9034
Karnataka,Nalwar,16.9436,76.9919
Odisha,Kantilo,20.3615,85.1921
Punjab,Doda,30.3844,74.6394
Andhra Pradesh,Sunkarevu,16.39,81.85
West Bengal,Bahagalpur,24.5934,87.9536
Madhya Pradesh,Ichhapur,21.1551,76.1556
Tamil Nadu,Moparipalaiyam,11.1332,77.147
Telangana,Nandipeta,18.9622,78.1772
Punjab,Budha Theh,31.5177,75.3009
Telangana,Golet,19.239,79.3891
Tamil Nadu,Nidamangalam,10.772,79.4167
Bihar,Sahri,25.4721,85.7277
Telangana,Ingurti,17.6695,79.8003
Tamil Nadu,Doddappanayakkanur,9.981,77.734
Bihar,Shahpur Baghauni,25.8831,85.6859
Andhra Pradesh,Kundurpi,14.2833,77.0333
Bihar,Raun,25.6462,86.3869
Karnataka,Desanagi,16.92,76.24
West Bengal,Mirik,26.887,88.187
Madhya Pradesh,Orchha,25.35,78.64
Tamil Nadu,Pakkam,13.1436,80.028
Bihar,Piprahi,26.5871,86.3773
Madhya Pradesh,Sultanpur,23.1381,77.934
Tamil Nadu,Devikapuram,12.4744,79.3475
Bihar,Barhi,26.5714,86.0903
Bihar,Baruari,26.0305,86.5965
Bihar,Sonapur,26.3716,87.2162
Telangana,Kamalapuram,18.268,80.489
Telangana,Atmakur,18.0712,79.736
Punjab,Sathiala,31.555,75.2656
Bihar,Bank,24.9539,84.1928
Kerala,Peringottukurusshi,10.7536,76.4883
Bihar,Gaurihar Khaliqnagar,25.9356,85.4671
Bihar,Fatehpur Shahbaz,25.5698,85.3437
Bihar,Jamsaut,25.61,85.0148
Bihar,Panapur Langa,25.723,85.2878
Andhra Pradesh,Satyavedu,13.437,79.956
Lakshadweep,Kavaratti,10.5626,72.6369
Tamil Nadu,Vengikkal,12.2642,79.0675
Bihar,Kishanganj,25.6844,86.9509
Madhya Pradesh,Kari,24.8368,78.8665
Tamil Nadu,Arasur,11.0866,77.1146
Andhra Pradesh,Rupenaguntla,16.3043,79.9991
Tamil Nadu,Shanmukhasundarapuram,10.0065,77.5982
West Bengal,Bhabanipur,24.7153,87.9227
Jammu and Kashmir,Loran,33.8346,74.3312
Bihar,Ninga,25.4616,86.0757
Andhra Pradesh,Kalakada,13.8167,78.8
Odisha,Rengali,21.646,84.0531
Bihar,Khangaon,25.5146,84.7528
Tamil Nadu,Maruttuvakkudi,11.0153,79.4819
Bihar,Buram,25.9739,86.3196
Bihar,Chakwai,25.0543,85.662
Bihar,Chitauria,25.4869,87.5511
Tamil Nadu,Odatturai,11.4577,77.515
Madhya Pradesh,Baroni Khurd,25.6852,78.3746
Bihar,Barahkurwa,26.146,86.9237
Telangana,Gandhari,18.3932,78.1174
Jharkhand,Shahpur,24.0312,84.0543
Bihar,Kumari,25.6564,87.7112
Andhra Pradesh,Pallipattu,13.3361,79.4413
Tamil Nadu,Kinattukkadavu,10.8225,77.0196
Maharashtra,Kondhali,21.1383,78.6408
Gujarat,Naliya,23.2611,68.8267
Jharkhand,Mahagama,25.0342,87.3187
Bihar,Pothia,25.5413,87.2637
Bihar,Senduria,26.7469,84.6754
Bihar,Raibari Mahuawa,27.098,84.2963
Punjab,Lopon,30.6715,75.3438
Tamil Nadu,Prataparampuram,10.6741,79.8512
Andhra Pradesh,Gundrajukuppam,13.3406,79.5687
Andhra Pradesh,Yalluru,15.3063,78.4559
Bihar,Simrahi,26.3135,86.8454
West Bengal,Falimari,26.3856,89.8233
Goa,Anjuna,15.5833,73.7333
West Bengal,Lakhipur,26.3281,88.3863
Andhra Pradesh,Konakondla,15.1053,77.364
Tamil Nadu,Samayanallur,9.9792,78.0359
Karnataka,Halavagalu,14.7083,75.7753
Bihar,Baghmaria,26.44,86.43
Rajasthan,Harji,25.3,72.85
Bihar,Bind,25.3035,85.6869
Karnataka,Sarjapur,12.86,77.786
Tamil Nadu,Salamedu,11.9088,79.4919
Bihar,Pir Maker,25.9622,85.0257
Bihar,Bansbari,26.1934,87.4498
Karnataka,Uchchangidurgam,14.5614,76.0537
Bihar,Bhagwatpur,25.7484,85.7016
Bihar,Biddupur,25.6464,85.3203
Bihar,Parora,25.8022,87.4032
Bihar,Baghra,25.5597,85.5841
Karnataka,Atharga,16.9875,75.8863
Tamil Nadu,Arumbakkam,13.5427,80.069
Gujarat,Meghraj,23.5,73.5
Bihar,Jamhor,24.8486,84.3258
Bihar,Pachahi,26.1932,86.3597
Bihar,Manpaur,26.5081,85.9478
Bihar,Phulparas,26.3549,86.4908
Tamil Nadu,Manappakkam,13.0108,80.1686
West Bengal,Kalinagar,22.4383,88.115
Telangana,Parvatgiri,17.7417,79.7264
Kerala,Perampuzha,12.1343,75.3006
Bihar,Bargaon,25.3455,84.6607
Bihar,Bishunpur,26.1561,87.2711
Uttar Pradesh,Akola,27.0656,77.8808
Tamil Nadu,Nalambur,13.0867,80.1703
Andhra Pradesh,Cherlagandlapalem,16.0069,80.6117
Karnataka,Kurgunta,17.2,77.36
Gujarat,Dharmaj,22.4167,72.8
West Bengal,Natshal,22.1957,88.0272
Tamil Nadu,Papireddippatti,11.914,78.3675
Tamil Nadu,Tiruvennanallur,11.8589,79.3664
Karnataka,Mashyal,17.3226,76.2407
Madhya Pradesh,Barigarh,25.2325,80.0347
Tamil Nadu,Masinigudi,11.5683,76.6409
Tamil Nadu,Varadarajampettai,11.3553,79.4186
Tamil Nadu,Tazhakudi,8.2348,77.4533
Kerala,Edasseri,8.6654,76.8459
Bihar,Ikhlaspur,25.0589,83.6083
Tamil Nadu,Periya Soragai,11.7394,77.917
Assam,Singura,24.7928,92.951
Tamil Nadu,Panpuli,9.0214,77.2502
Karnataka,Tikota,16.76,75.62
Jharkhand,Meru,24.0097,85.4673
Bihar,Pipariya,25.2593,86.1149
Tamil Nadu,Somavarappatti,10.6779,77.2131
Bihar,Kanhaipur,25.4542,85.8396
Maharashtra,Bhilavadi,16.8586,74.3317
Andhra Pradesh,Iskapalem,14.5416,79.8925
Gujarat,Sinor,22,73.3
Haryana,Asthal Bohar,28.873,76.642
Bihar,Samahuta,25.8542,84.6614
Karnataka,Banavar,13.4167,76.1667
Tamil Nadu,Sirpanandal,11.9741,79.0428
West Bengal,Bara Belun,23.4007,87.9733
Karnataka,Tamba,17.0001,75.9934
Bihar,Datiana,25.4834,84.8628
Andhra Pradesh,Kovurupalli,14.7772,79.9999
Bihar,Jadopur Shukul,26.525,84.4341
Andhra Pradesh,Narayanavanam,13.42,79.58
Bihar,Deodha,25.7815,86.1346
Telangana,Malkanur,18.0821,79.3628
Bihar,Sahsaul,25.7024,86.7758
Jharkhand,Makhmalpur,25.287,87.5469
Tamil Nadu,Eranapuram,11.5581,77.9893
Andhra Pradesh,Chintakunta,14.6476,78.469
Odisha,Bramhabarada,20.6683,86.0747
Bihar,Bardiha Turki,25.8059,85.5441
Tamil Nadu,Attippattu,13.2633,80.2911
Bihar,Gethaura,25.6879,87.7092
Bihar,Kishunpur,25.3272,87.7173
Madhya Pradesh,Bora,23.6585,76.8112
Bihar,Rahiar Kunchi,25.8627,86.0924
Telangana,Amarchinta,16.374,77.7729
Bihar,Jagdishpur,26.1526,86.1146
Bihar,Belauncha,26.2124,86.3554
Kerala,Amala,9.859,76.8112
Tamil Nadu,Mannarai,11.1172,77.3726
Bihar,Dhakaich,25.5835,84.1886
Andhra Pradesh,Talupula,14.25,78.2667
Bihar,Ranti,26.3519,86.0932
West Bengal,Khargram,24.0343,87.9853
Tamil Nadu,Tittachcheri,10.8674,79.7893
Andhra Pradesh,Kummarapurugupalem,16.3653,81.6192
Bihar,Lathasepura,25.8131,85.718
Bihar,Laukaria,26.7184,84.4242
Andhra Pradesh,Budili,13.9353,77.7355
Madhya Pradesh,Namli,23.4612,75.0604
Karnataka,Kalasa,13.234,75.3553
Madhya Pradesh,Sirgora,22.2063,78.8832
Bihar,Chikni,26.0075,86.7032
Andhra Pradesh,Tadepalle,16.8454,81.4966
Andhra Pradesh,Guntupalle,16.568,80.548
Odisha,Damonojodi,18.7632,82.9194
Andhra Pradesh,Arambakkam,13.5258,80.071
Bihar,Bucheya,26.3421,84.6642
Bihar,Barka Gaon,26.144,84.6598
Bihar,Parbata,25.3164,86.72
Karnataka,Malkhaid,17.195,77.1608
Tamil Nadu,Pungulam,12.5727,78.753
Bihar,Harsinghpur,26.0504,86.218
Karnataka,Kawadgaon,17.91,77.53
Tamil Nadu,Chikkarampalaiyam,11.2416,76.9854
Andhra Pradesh,Potukonda,17.2708,81.754
Andhra Pradesh,Nagalapuram,13.3889,79.7967
Bihar,Rasaunk,25.5537,86.5117
Andhra Pradesh,Palukudoddi,15.8504,77.6753
Kerala,Kumbadaje,12.5667,75.1
Bihar,Bhandarso,26.178,86.1415
Bihar,Somnaha,25.9518,85.7042
Bihar,Sihaul,25.9405,86.512
Madhya Pradesh,Sonbari,24.2286,80.7902
West Bengal,Mayureswar,23.9908,87.7647
Jharkhand,Okhargara,24.2141,83.7856
Rajasthan,Atru,24.81,76.63
Tamil Nadu,Olaippatti,11.7676,77.9927
Bihar,Saadatpur Aguani,25.283,86.7412
Karnataka,Banagi,13.61,75.53
Karnataka,Balehonnur,13.35,75.46
Tamil Nadu,Pongalur,10.9654,77.372
Tamil Nadu,Kilkottai,10.2861,77.916
Karnataka,Kanamadi,16.9291,75.3807
Bihar,Udawantnagar,25.5054,84.6216
Andhra Pradesh,Murapaka,18.2282,83.7926
Kerala,Achankovil,8.9667,77.1431
Punjab,Sheron,30.1582,75.7178
Karnataka,Kowdalli,12.067,77.4438
Bihar,Kumharsan,25.6421,86.1971
Bihar,Panhar,25.0936,85.2176
Bihar,Sultanpur,25.6214,85.4637
Telangana,Mortad,18.8167,78.4833
Bihar,Kachnar,25.9699,84.3589
Bihar,Nawalpur,26.9366,84.2985
Tamil Nadu,Kattupputtur,10.9833,78.2333
Bihar,Phulgachhi,26.3653,87.9399
Tamil Nadu,Ikkadu,13.1724,79.9358
Madhya Pradesh,Hatwans,22.7683,78.3464
Tamil Nadu,Nagojanahalli,12.357,78.2886
Andhra Pradesh,Duggirala,16.3271,80.628
Karnataka,Yargatti,15.9667,75.0167
Bihar,Bishunpur,24.7631,85.682
Andhra Pradesh,Bhattiprolu,16.1026,80.7807
Tamil Nadu,Terku Valliyur,8.357,77.6087
Tamil Nadu,Ramanayakkanpalaiyam,11.6291,78.5624
Andhra Pradesh,Pata Ellamilli,16.8473,81.4884
Karnataka,Konnur,15.8595,75.4955
Bihar,Basaithi,26.0284,87.3329
Bihar,Lalsaraia,26.7388,84.6607
Bihar,Dayalpur,26.0511,84.5968
Karnataka,Karebilachi,14.1449,75.9032
Karnataka,Hebri,13.4667,74.9833
Andhra Pradesh,Elchuru,16.0813,79.9269
Telangana,Shamunpet,17.9472,79.6014
Tamil Nadu,Kaniyambadi,12.8118,79.134
Kerala,Penagam,10.4522,76.0972
Bihar,Dalippur,25.4222,84.3933
Bihar,Hathidah Buzurg,25.3716,85.9857
Kerala,Bangramanjeshvara,12.6833,75
Tamil Nadu,Devanakavundanur,11.5048,77.8383
Telangana,Shankarpalli,17.4523,78.131
Bihar,Chhabila,26.2556,85.9933
Punjab,Kadur Sahib,31.4239,75.0977
Bihar,Pharaha,24.8522,85.5471
Telangana,Kisara,17.5233,78.6677
Bihar,Dumri,25.6243,84.1809
Bihar,Madhopur,26.34,84.45
Tamil Nadu,Mukasi Pidariyur,11.2069,77.5922
Tamil Nadu,Puliyara,9.0041,77.1889
Andhra Pradesh,Sankhavaram,17.2704,82.3445
Tamil Nadu,Sakkamapatti,9.925,77.6039
Karnataka,Konen Agrahar,12.9582,77.6619
Bihar,Koch,24.9259,84.7724
Andhra Pradesh,Perali,15.886,80.547
Jharkhand,Kenduadih,23.7757,86.3761
Karnataka,Murgod,15.78,75.12
Karnataka,Tonse West,13.3968,74.7069
Gujarat,Delvada,20.7759,71.0465
Kerala,Tekkumbagam,10.119,76.418
Bihar,Amha,26.0518,86.6906
Tamil Nadu,Kongupatti,11.8593,78.0217
Tamil Nadu,Tirumayam,10.2449,78.7464
Andhra Pradesh,Rolla,13.8331,77.1
Telangana,Allahdurg,17.9667,77.9167
Tamil Nadu,Mangalam,12.3298,79.179
Bihar,Sarauni Kalan,25.7579,86.9392
Maharashtra,Walur,19.4872,76.5561
Andhra Pradesh,Chinna Annaluru,14.8913,79.6761
Rajasthan,Siyana,25.117,72.66
Bihar,Chauki,25.4573,86.4018
Andhra Pradesh,Edlapadu,16.1007,80.1339
West Bengal,Bagnan,22.47,87.97
Bihar,Jagannathpur,25.6573,87.5886
Bihar,Sripur,25.5861,86.0803
Bihar,Patori,25.9665,86.5471
Kerala,Vengapalli,11.6333,76.0167
Punjab,Dhilwan Kalan,30.5718,74.8655
Telangana,Bardipuram,18.6431,78.1584
Bihar,Mansinghpur Bijrauli,25.7552,85.5099
Bihar,Nagar Nahusa,25.3959,85.3431
Telangana,Honwada,16.8111,77.9199
Tamil Nadu,Sendurai,11.253,79.172
Bihar,Paura Madan Singh,25.7917,85.2333
Madhya Pradesh,Singoli,24.9667,75.3
Telangana,Yelpur,18.7651,78.3953
Tamil Nadu,Punjai Turaiyampalaiyam,11.5142,77.4234
Bihar,Birpur,26.5767,86.0379
Tamil Nadu,Mallagunta,12.6343,78.5194
West Bengal,Bawali,22.4041,88.1852
Odisha,Champua,22.0667,85.6658
Bihar,Bhangha,25.578,87.2782
Andhra Pradesh,Ramabhadrapuram,18.5,83.2833
Kerala,Vengur,10.1413,76.5495
Tamil Nadu,Masakkavundanchettipalaiyam,11.1473,77.0756
Kerala,Memunda,11.6006,75.6339
Tamil Nadu,Tirupporur,12.7259,80.1895
Bihar,Bishunpur Hakimabad,25.8453,85.8432
Madhya Pradesh,Palsud,21.8262,74.9691
Karnataka,Devgeri,14.8512,75.3705
Madhya Pradesh,Satai,24.722,79.631
Tamil Nadu,Uttukkuli,11.1689,77.4543
Bihar,Mahmuda,25.0531,85.2662
Bihar,Nao Kothi,25.5196,86.1954
Tamil Nadu,Vadamugam Vellodu,11.2366,77.6617
Tamil Nadu,Pottireddippatti,11.1659,78.2708
Andhra Pradesh,Nallamada,14.2164,77.9944
Andhra Pradesh,Kalavapudi,16.4623,81.3887
Tamil Nadu,Pedappai,12.8854,80.022
Andhra Pradesh,Nadendla,16.175,80.1861
Bihar,Kabirpur,26.2661,84.205
Tamil Nadu,Kaniyur,11.093,77.156
Punjab,Chaoke,30.1847,75.3362
Andhra Pradesh,Swarna,15.8542,80.2858
Gujarat,Karakthal,23.2001,71.7271
Bihar,Sisia,25.4539,87.4549
Andhra Pradesh,Sankhavaram,15.0497,78.9836
Tamil Nadu,Chinnatadagam,11.0816,76.8674
Bihar,Bariarpur Kandh,25.9391,85.4674
Bihar,Basbiti,26.0939,86.5289
Bihar,Madna,26.3963,86.3884
Tamil Nadu,Kuttappatti,11.7939,77.9225
Bihar,Sontha,26.1861,87.7766
Bihar,Arniya,25.715,85.5448
Manipur,Yairipok,24.6779,94.0477
Bihar,Koilakh,26.3358,86.201
Bihar,Khanjahanpur,25.6055,86.0927
Bihar,Sangram,26.3141,86.3515
Kerala,Karikad,10.6917,76.0722
Bihar,Tarwara,26.2007,84.4874
Telangana,Kodmial,18.6333,78.9
Bihar,Kiratpur Rajaram,25.856,85.285
Bihar,Hardia,26.6184,84.8857
Andhra Pradesh,Erraguntla,15.2821,78.5106
Telangana,Ghanpur,17.4989,78.2225
Andhra Pradesh,Rambilli,17.4644,82.9314
Telangana,Chandur,16.98,79.06
Bihar,Harri,26.3238,86.2975
Bihar,Garkha,25.8293,84.8617
Bihar,Sahoria Subhai,25.9028,87.0421
Kerala,Pallarimangalam,10.0617,77.059
Madhya Pradesh,Kothri Kalan,23.0722,76.8296
Gujarat,Panetha,21.92,73.08
Bihar,Ramchandarpur,25.2365,86.1459
Madhya Pradesh,Bistan,21.6979,75.6657
Tamil Nadu,Tanippadi,12.1078,78.834
Madhya Pradesh,Amjhera,22.5578,75.1185
Bihar,Mataili Khemchand,25.5612,87.1685
Bihar,Nirpur,25.7192,87.1507
Gujarat,Ukal,21.2167,73.5833
Punjab,Chirak,30.7206,75.1718
Punjab,Mudki,30.78,74.8811
Tamil Nadu,Anuppampattu,13.3018,80.2258
Tamil Nadu,Tiruppalaikudi,9.5461,78.9172
Kerala,Venmani Padinjara,9.4735,76.5487
Andhra Pradesh,Palakollu,16.5333,81.7333
Bihar,Aurahi,25.5709,86.9668
West Bengal,Patrasaer,23.1968,87.5272
Andhra Pradesh,Yellayapalem,14.5378,79.9515
Tamil Nadu,Pattanam,11.4728,78.2109
Punjab,Ghagga,30.0198,76.1041
Jharkhand,Kulgo,24.0154,85.9743
Tripura,Amarpur,23.53,91.64
Tamil Nadu,Vargaur,11.1452,78.3477
Tamil Nadu,Pottipuram,9.9401,77.3213
Andhra Pradesh,Mutluru,16.15,80.4833
Bihar,Jitwarpur Chauth,25.8499,85.8074
Uttar Pradesh,Jauli,29.4273,77.8595
Bihar,Rajghat Garail,25.7618,87.2126
Bihar,Gamharia,25.8973,86.655
Uttar Pradesh,Kurwar,26.3475,81.9787
Madhya Pradesh,Rampur Kalan,26.1649,77.4691
Bihar,Banu Chhapra,26.8098,84.5201
Karnataka,Kurikuppi,15.07,76.55
Uttar Pradesh,Sohwal,25.9261,83.3628
Karnataka,Hejamadi,13.1062,74.7839
Telangana,Alipur,18.8621,78.8754
Bihar,Kaurihar,26.965,84.8462
West Bengal,Balupur,25.2611,87.8947
Bihar,Chhatapur,26.2197,87.0048
Bihar,Andhana,25.2574,85.4548
Karnataka,Tyamagondal,13.2137,77.301
Bihar,Darmaha,26.3663,84.9312
Tamil Nadu,Palamedu,10.105,78.1134
Bihar,Mangobandar,24.8162,86.2709
Karnataka,Abbigeri,15.5862,75.7502
Bihar,Bara,25.9286,86.5237
Bihar,Papraur,25.4413,86.0378
Uttar Pradesh,Muzaffarnagar,29.482,77.7
Uttar Pradesh,Zafarabad,25.7,82.7
Bihar,Seonar,25.4142,85.8834
Telangana,Marreddipalli,17.7767,78.6016
Bihar,Paduma,26.5766,86.2394
Bihar,Telkap,24.7048,84.0093
Tamil Nadu,Kuppachchipalaiyam,11.0273,78.1131
Andhra Pradesh,Kondakomarla,14.0678,77.9561
Andhra Pradesh,Ravutulapudi,17.3833,82.3833
Karnataka,Anavatti,14.5645,75.1523
Bihar,Sitalpur,25.7764,85.0283
Andhra Pradesh,Nekarikallu,16.371,79.943
Kerala,Chiramanangad,10.6819,76.1142
Tamil Nadu,Nilavarappatti,11.6081,78.1499
Bihar,Bhanghi,26.3612,87.1826
Goa,Nuvem,15.3174,73.9387
Tamil Nadu,Naranapuram,11.0254,77.29
Kerala,Nirkunnam,9.35,76.5167
Jammu and Kashmir,Akhnur,32.87,74.73
Madhya Pradesh,Pipalrawan,23.1625,76.4704
Bihar,Bhauradah,26.252,87.86
Tamil Nadu,Errahalli,12.3911,78.2232
Tamil Nadu,Punjai Kalamangalam,11.2322,77.8236
Andhra Pradesh,Mutukuru,16.3829,79.4664
Uttar Pradesh,Sarsai Nawar,26.96,79.23
Bihar,Kajhi Hridenagar,25.932,87.2179
Bihar,Jhundo,24.7756,86.2473
Kerala,Kuruvambalam,10.9375,76.1639
West Bengal,Rudra Nagar,24.3841,87.884
Bihar,Lulhaul,25.8787,86.1386
Karnataka,Sambre,15.88,74.56
Tamil Nadu,Odugattur,12.7679,78.883
Andhra Pradesh,Pragadavaram,17.0167,81.0167
Tamil Nadu,Kilrajakularaman,9.3969,77.6344
Andhra Pradesh,Moda,13.8246,77.4421
Karnataka,Sunadkuppi,16.14,74.81
Madhya Pradesh,Suhagi,23.2206,79.9569
Tamil Nadu,Kattari,11.4593,77.7263
Tamil Nadu,Kuttattuppatti,10.3759,77.8972
Andhra Pradesh,Jaladurgam,15.284,77.9001
Bihar,Kingri,25.6326,86.6911
Bihar,Babhnoul,25.3202,84.2128
Andhra Pradesh,Komarolu,15.2667,79
Bihar,Goasi,25.7643,87.4155
Tamil Nadu,Karuvelampatti,9.8448,78.0451
Tamil Nadu,Padiyur,10.4234,78.0254
Tamil Nadu,Kumaravadi,10.5264,78.3118
Andhra Pradesh,Chandreru,17.098,81.9959
Bihar,Bhalpatti,26.1853,86.0509
Karnataka,Raybag,16.48,74.78
Tamil Nadu,Vellavadanparappu,11.1854,77.8425
Bihar,Kerai,25.751,85.8586
Tamil Nadu,Panamarattuppatti,11.562,78.1649
Kerala,Maniamkulam,9.641,76.644
Bihar,Bazid Chak Kasturi,25.6559,85.4412
Andhra Pradesh,Rajanagaram,17.0833,81.9
Bihar,Sapahi,26.6517,84.8526
Tamil Nadu,Alagappapuram,8.1468,77.5413
Andhra Pradesh,Dharmavaram,17.23,82.228
Andhra Pradesh,Imani,16.3302,80.658
Gujarat,Parnera,20.55,72.95
Haryana,Tigrana,28.862,76.137
Tamil Nadu,Thevur,11.524,77.7539
Andhra Pradesh,Enumulapalle,14.1446,77.8166
Bihar,Rewtith,26.2853,84.7155
Tamil Nadu,Chittarkottal,9.4276,78.9015
Bihar,Sidhap Kalan,26.5456,86.2346
Tamil Nadu,Marudur,11.2346,76.9064
West Bengal,Galsi,23.3372,87.6925
Andhra Pradesh,Sangam,14.5956,79.7428
Tamil Nadu,Chettipalaiyam,10.9125,77.037
Tamil Nadu,Milattur,10.8576,79.2394
Karnataka,Kurdi,16.0511,77.2114
Bihar,Sangalbahita,25.3295,87.3018
Bihar,Lachhmipur,25.5248,87.3667
Bihar,Sahuli,26.1118,84.3485
Madhya Pradesh,Gairtganj,23.4102,78.2208
Madhya Pradesh,Jhundpura,26.3473,77.501
West Bengal,Talsur,25.3667,87.8512
Andhra Pradesh,Kattipudi,17.25,82.3333
Karnataka,Mathigeri,12.15,77.1
Bihar,Bhaur,26.2751,86.1552
Bihar,Dakhram,26.0542,86.128
Tamil Nadu,Konganapuram,11.571,77.9004
Andhra Pradesh,Hemavati,14.0232,76.995
Bihar,Itarhi,25.4832,84.0129
Tamil Nadu,Singapperumalkovil,12.7595,80.0075
Jammu and Kashmir,Katra,32.9917,74.9319
Karnataka,Besagarahalli,12.6333,77
Karnataka,Hosahalli,15.314,76.3151
Kerala,Kankol,12.1556,75.2238
Karnataka,Salotgi,17.17,75.96
Tamil Nadu,Chettimangurichchi,11.6393,77.8557
Tamil Nadu,Ponnampatti,10.55,78.3744
Kerala,Puranattukara,10.5528,76.1613
Bihar,Kala Diara,25.5092,85.448
Karnataka,Malapannanagudi,15.28,76.37
Bihar,Bharra,25.4398,86.1624
Bihar,Teus,25.2493,85.7141
Telangana,Ramareddi,18.411,78.3674
Bihar,Kadwa,25.0316,84.0924
Andhra Pradesh,Gudibanda,13.9753,77.1046
Bihar,Gobardhanpur Kanap,25.0682,84.5241
Tamil Nadu,Karadichittur,11.8289,78.8758
Madhya Pradesh,Amayan,26.3205,78.7581
Odisha,Kumbhari,21.2088,83.6467
Tamil Nadu,Sirugudi,10.2627,78.3088
Bihar,Maghra,25.1903,85.4921
Bihar,Jiwachhpur,26.312,87.0405
Andhra Pradesh,Chinnamandem,13.9419,78.6814
Bihar,Pama,25.8122,86.8474
Tamil Nadu,Usuppur,11.3815,79.697
Bihar,Partap Tanr,25.8897,85.2551
Karnataka,Kanur,17.0318,75.7022
Tamil Nadu,Mittahalli,12.421,78.1991
West Bengal,Antardipa,24.6442,87.9213
Andhra Pradesh,Ghattu,13.6602,78.3331
Bihar,Sabnima,25.4583,85.567
Karnataka,Munnuru,12.8283,74.8803
Bihar,Barharia,26.3191,84.4547
Bihar,Aranda,26.085,84.3601
Karnataka,Bajpe,12.9803,74.8832
Punjab,Khokri Kalan,30.8456,75.3307
Bihar,Sokhodewara,24.8358,85.8725
Bihar,Akbarpur,24.6351,83.9642
Bihar,Ghoswari,25.4687,85.4964
Madhya Pradesh,Dasai,22.72,75.1321
Bihar,Kabira,25.6897,86.4852
Bihar,Kurhani,25.9803,85.3374
Bihar,Ranko,25.5181,86.4899
Tamil Nadu,Vellipalaiyam,11.3314,76.9813
Bihar,Maida Babhangawan,25.4793,86.0669
West Bengal,Sonakhal,22.2125,88.7133
Telangana,Kartal,16.9859,78.5014
Tamil Nadu,Kombai,10.6143,78.1212
Maharashtra,Sirur Tajband,18.7,76.9333
Bihar,Raghunathpur,26.6418,84.8938
Tamil Nadu,Bodippatti,10.5642,77.2336
Madhya Pradesh,Shampur,23.418,77.0867
Tamil Nadu,Tekkattur,10.2997,78.7884
Karnataka,Gajiginhalu,15.6969,76.6647
Tamil Nadu,Kasavanampatti,10.3692,77.8699
Tamil Nadu,Puligunta,12.4395,78.3625
Andhra Pradesh,Koppaka,16.7494,81.0311
Bihar,Pachauth,25.576,86.8083
Madhya Pradesh,Loharda,22.5918,76.5957
Bihar,Darauli,26.0781,84.1314
Bihar,Sihma,25.6992,86.2446
Gujarat,Paddhari,22.43,70.6
Bihar,Mathila,25.4715,84.1438
Odisha,Tarabha,20.7325,83.6744
Bihar,Phaphot,25.6817,86.0069
Punjab,Kulrian,29.7994,75.6827
Uttar Pradesh,Sambalhera,29.325,77.9194
Jharkhand,Torpa,22.9361,85.0889
Tamil Nadu,Madathapatti,9.1321,77.4245
Telangana,Aravelli,18.719,79.0262
West Bengal,Chota Mollakhali,22.2222,88.8956
Madhya Pradesh,Jhonkar,23.2361,76.1814
Tamil Nadu,Pallattur,10.1461,78.8031
Andhra Pradesh,Nagambhotlapalem,15.6804,79.8151
Karnataka,Kakhandiki,16.601,75.6405
Tamil Nadu,Tamarankottai,10.43,79.32
Karnataka,Garag,15.575,74.9297
Punjab,Dhilwan,31.5143,75.3457
Bihar,Tulshia,26.3468,87.8411
Tamil Nadu,Karukkalvadi,11.6714,78.0126
Bihar,Sahuria,25.8197,86.6132
Madhya Pradesh,Nahargarh,24.1692,75.2342
Punjab,Buttar Khurd,30.725,75.275
Tamil Nadu,Paittur,11.5356,78.5749
Tamil Nadu,Perur,10.9752,76.9129
Rajasthan,Bagrinagar,25.9,73.8
Tamil Nadu,Nallippalaiyam,11.2388,78.1495
Bihar,Morsand,25.9335,85.698
Tamil Nadu,Vembur,10.5893,78.0709
Uttar Pradesh,Balwa,29.406,77.308
Gujarat,Samakhiali,23.3333,70.5833
Tamil Nadu,Yedappalli,11.3792,76.8108
Maharashtra,Rajapur,16.67,73.52
Uttar Pradesh,Paina,26.2513,83.7812
Madhya Pradesh,Bhopalia,22.2791,73.7104
Bihar,Naini,25.832,84.7179
Bihar,Adalpur,26.191,86.0239
Andhra Pradesh,Devanakonda,15.5333,77.55
Andhra Pradesh,Krishnamsettipalle,15.3695,78.884
Andhra Pradesh,Gudlavalleru,16.35,81.05
Tamil Nadu,Duraiswamipuram,9.0661,77.4517
West Bengal,Begampur,22.7368,88.2518
Bihar,Rajpur Kalan,25.6792,84.1259
West Bengal,Ambhua,24.5568,87.8651
Tamil Nadu,Tiruvalam,12.9825,79.2661
Bihar,Balua Rampur,26.7777,84.428
Bihar,Belao,25.1476,85.7377
Madhya Pradesh,Dighawani,22.2061,78.8135
Telangana,Wepangandla,16.1157,78.1301
Telangana,Vaddepalli,15.9359,77.8417
Jharkhand,Dhanwar,24.4107,85.9818
Andhra Pradesh,Vikrutamala,13.6206,79.5642
Bihar,Burhia Dhanghatta,25.9004,87.2852
Andhra Pradesh,Kopparam,16.0841,79.9874
Uttar Pradesh,Lakhna,26.65,79.15
Goa,Valpoy,15.5324,74.1367
Bihar,Bakwa,26.0601,86.4124
Tamil Nadu,Saidapet,13.1434,80.1912
Gujarat,Koth,22.636,72.3
Bihar,Laukaha,26.0336,86.6471
Maharashtra,Kamthi,21.2161,79.1973
Bihar,Dumri,25.5263,86.7346
Jharkhand,Sisai,23.1794,84.7582
Rajasthan,Balia,24.2433,75.8061
Bihar,Fatehpur,24.6297,85.2249
Kerala,Venganellur,10.7,76.3333
West Bengal,Fatehpur,25.3032,87.8623
Telangana,Kamalapuram,18.16,79.5406
Kerala,Valatt,11.7833,75.9
West Bengal,Nagtala,22.4667,88.3833
Madhya Pradesh,Chandera,25.0829,78.9784
Madhya Pradesh,Machalpur,24.1277,76.3167
Karnataka,Telsang,16.72,75.06
Bihar,Barhi,26.4629,86.2771
Tamil Nadu,Kotharpettai,12.678,78.6243
Andhra Pradesh,Koduru,13.8692,77.7298
West Bengal,Banta,24.2323,87.8749
Madhya Pradesh,Sainkhera,22.9589,78.5782
Bihar,Madhopur,25.3453,85.3925
Tamil Nadu,Velappadi,12.6499,79.3151
Tamil Nadu,Eriyodu,10.5172,78.0627
Telangana,Narkatpalli,17.203,79.195
Bihar,Jhaua,25.7487,84.924
Andhra Pradesh,Tripurantakam,16.0007,79.4563
Karnataka,Jigani,12.7861,77.6385
Andhra Pradesh,Matsavaram,16.6,79.7333
Telangana,Gokinepalle,16.9228,79.7827
Telangana,Telkapalli,16.45,78.4667
Bihar,Gayaspur,25.9217,84.4399
Karnataka,Jalihalli,16.365,76.7811
Tamil Nadu,Paraippatti,10.3144,77.8601
Bihar,Sangrampur,25.0711,86.1871
Rajasthan,Desuri,25.2833,73.5667
Andhra Pradesh,Nidamanuru,16.5066,80.7222
West Bengal,Nalgora,22.0346,88.4743
Bihar,Madhopur Hazari,26.2623,84.8995
Bihar,Raghunathpur,26.3448,84.9211
Nagaland,Phek,25.571,94.301
West Bengal,Mankur,23.4353,87.5527
Punjab,Gharyala,31.2294,74.7352
Tamil Nadu,Puduppatti,9.6171,77.6375
Kerala,Kottapuram,10.2958,76.2431
Karnataka,Kalgi,17.35,77.15
Karnataka,Bommarbettu,13.339,74.8784
Telangana,Momanpet,17.5175,77.8981
Karnataka,Ambalanur,16.59,75.96
Andhra Pradesh,Peravali,15.2861,77.4997
West Bengal,Fakirtaki,22.3815,88.7901
Punjab,Bassian,30.6559,75.5389
Bihar,Phulmalik,25.4132,86.4255
Bihar,Khawaspur,26.2331,84.6388
Bihar,Siktiahi,26.4812,86.4023
Bihar,Hisar,26.5495,85.9406
Karnataka,Hirehadagalli,14.9267,75.8322
Bihar,Rounia,25.5179,87.3999
Punjab,Mallan,30.4015,74.7365
Andhra Pradesh,Vellaturu,16.1209,79.6508
Andhra Pradesh,Maruteru,16.6237,81.7394
West Bengal,Srikrishnapur,22.9717,88.0351
Bihar,Manikpur,25.3129,87.4388
Bihar,Mokarrampur,26.2176,86.0433
Andhra Pradesh,Konkavaripalle,13.7125,78.4861
Kerala,Cheruvannur,11.8284,75.7295
Uttarakhand,Salempur,29.875,77.858
West Bengal,Ganga Sagar,21.6528,88.0753
Bihar,Sonwan,25.6258,86.2161
Uttar Pradesh,Tirkha,26.129,81.0343
Tamil Nadu,Oppatavadi,12.569,78.3992
Karnataka,Ratnagiri,13.8111,77.1301
Bihar,Babhniyawan,25.4943,84.4815
Tamil Nadu,Arimalam,10.255,78.884
Madhya Pradesh,Harsola,22.5694,75.8165
Tamil Nadu,Dombachcheri,9.9604,77.3909
Punjab,Hariana,31.6351,75.8389
Andhra Pradesh,Kamepalle,16.5191,79.835
Andhra Pradesh,Yadavolu,17.0619,81.4729
Bihar,Azamnagar,25.5456,87.8294
West Bengal,Ramchandrapur,22.891,88.473
Goa,Solim,15.6145,73.7704
Bihar,Auhar Sheikh,26.7216,84.5993
Karnataka,Motibennur,14.715,75.48
Jammu and Kashmir,Khiram,33.732,75.16
Andhra Pradesh,Lakkireddipalle,14.1667,78.7
Kerala,Kalamula,11.1417,76.3417
Rajasthan,Nana,24.916,73.133
Bihar,Shahar Telpa,25.133,84.6533
Bihar,Ratauli,26.1861,86.7104
Punjab,Balaungi,30.7306,76.6937
Rajasthan,Zawal,24.9833,72.7333
Andhra Pradesh,Srisailain,16.0833,78.8667
Bihar,Simarwara Durgapur,25.852,85.4944
Telangana,Jankampet,18.7067,78.0233
Uttar Pradesh,Kandrawan,25.8882,81.2618
Tamil Nadu,Mallapuram,9.828,77.673
West Bengal,Dora,22.1858,88.5142
Bihar,Mehdauli,25.6561,86.0257
Telangana,Peddapuram,18.0289,79.7269
Bihar,Meghaul,25.6561,86.0257
Bihar,Bela,26.4989,86.3242
Kerala,Tekkekara,9.7,76.7833
Tamil Nadu,Kilminnal,12.9447,79.2514
Andhra Pradesh,Gaunivaripalle,13.9756,77.8768
Tamil Nadu,Ullur,10.9706,79.4063
Punjab,Bhikkiwind Uttar,31.3453,74.6914
Tamil Nadu,Mel Seval,8.6722,77.6147
Andhra Pradesh,Somireddipalle,14.8365,78.9062
Bihar,Mali,25.1269,84.7084
Andhra Pradesh,Reddipalle,14.1993,78.0102
Telangana,Indalvai,18.5403,78.2248
Tamil Nadu,Tettuppatti,10.3979,77.8225
West Bengal,Jaipur,23.4313,86.1493
Bihar,Gohuma Bairia,26.3938,86.3976
Telangana,Shahmirpet,17.5947,78.5749
Bihar,Tarar,25.1821,87.1671
Bihar,Barai,26.3717,86.0134
Bihar,Nayanagar,25.7465,86.1027
Punjab,Badru Khan,30.2523,75.7917
Tamil Nadu,Vairampatti,10.5515,78.3022
Bihar,Maheshram,25.2874,87.4124
Bihar,Khair Khan,26.2727,87.3037
Kerala,Vellur,12.1667,75.35
Tamil Nadu,Kiramangalam,10.2859,79.0996
Andhra Pradesh,Apparaopeta,16.8987,81.5684
Telangana,Borgampad,17.65,80.8667
Tamil Nadu,Puvalur,10.9003,78.8308
Tamil Nadu,Partibanur,9.5855,78.4545
Bihar,Raibhir,25.9978,86.8781
Bihar,Jitpur,26.8149,84.9578
Kerala,Muttam,9.8378,76.7126
Andhra Pradesh,Potunuru,16.7442,81.2206
Bihar,Luathaha,26.6316,84.9079
Bihar,Ahiro,24.9192,87.1054
Bihar,Koila Dewa,26.4079,84.1962
Tamil Nadu,Vadakku Ariyanayakipuram,8.7208,77.545
West Bengal,Multi,22.2847,88.4053
Andhra Pradesh,Nagasamudram,15.0556,77.5004
Andhra Pradesh,Kandulapuram,15.5976,79.1365
Punjab,Miani,31.7092,75.5661
Telangana,Ramannapeta,17.2833,79.0859
Bihar,Garhi,24.7904,86.0768
Andhra Pradesh,Kottapalem,16.5787,79.8756
Madhya Pradesh,Baragaon,24.5682,79.0185
Tamil Nadu,Narasingam,9.9658,78.1833
Bihar,Barahi,25.9725,86.7452
Telangana,Venkatapuram,18.2232,79.9516
West Bengal,Amgachia,22.4156,88.3051
Jharkhand,Angwali,23.7317,85.9858
Bihar,Aliganj,24.9365,85.925
Madhya Pradesh,Kothi,24.7526,80.7775
Bihar,Darwa,25.669,85.6461
Karnataka,Shirbadgi,15.9418,75.7768
Karnataka,Halgur,12.4249,77.227
Bihar,Chikni,26.0664,87.4406
Goa,Surla,15.5333,73.8333
Bihar,Jhakhra,25.7528,85.7474
Bihar,Panchi,25.1123,85.6321
Punjab,Jandiala,31.2157,75.6218
Karnataka,Ajjipuram,12.0457,77.3532
Bihar,Pipra Naurangia,26.8591,84.4328
Andhra Pradesh,Bellamkonda,16.4922,80.0089
Bihar,Labhgaon,25.5062,86.3899
Bihar,Katalpur,26.2255,84.7608
Andhra Pradesh,Roddam,14.1,77.43
Bihar,Jadupatti,26.1186,86.3114
Tamil Nadu,Togamalai,10.7251,78.4108
Andhra Pradesh,Vutukuru,14.5778,80.1423
Punjab,Narot Mehra,32.2673,75.5647
Andhra Pradesh,Valaparla,15.9167,80.05
Tamil Nadu,Kilkunda,11.2569,76.6697
Tamil Nadu,Tiruchchuli,9.5348,78.2008
Andhra Pradesh,Kanteru,16.3906,80.5425
Gujarat,Telnal,23.01,73.03
Andhra Pradesh,Kaza,16.3887,80.5412
Telangana,Mungod,17.0667,79.0667
Tamil Nadu,Periyanegamam,10.7432,77.103
Telangana,Villasagar,18.4736,78.9645
Tamil Nadu,Elattur,11.3866,77.308
Karnataka,Dhanur Kalyanwadi,17.77,77.14
Bihar,Siswar,26.4292,86.4586
Karnataka,Haldipur,14.3333,74.4333
Andhra Pradesh,Rompicherla,16.21,79.9087
Bihar,Solindabad,25.8463,86.5907
Andhra Pradesh,Raparla,16.302,80.9674
Karnataka,Hire Megalageri,14.544,75.9776
Andhra Pradesh,Potavaram,17.0194,81.4128
Maharashtra,Deulgaon Mahi,20.0833,76.1833
Punjab,Bilga,31.05,75.65
Karnataka,Kondalahalli,14.72,76.76
West Bengal,Bhagirathpur,24.0884,88.4947
Goa,Borim,15.3604,74.0004
Madhya Pradesh,Mawai,24.8043,78.9388
Karnataka,Manglur,15.5177,76.1476
Karnataka,Sirigeri,15.63,76.9
Karnataka,Belagola,13.3833,75.5833
Tamil Nadu,Sulagiri,12.6645,78.0134
Tamil Nadu,Rettanai,12.1953,79.5526
Karnataka,Hipparga,17.4568,76.3739
Punjab,Begowal,31.6125,75.5194
Bihar,Nathpur,26.3261,87.0916
West Bengal,Aroali,24.043,87.9443
Andhra Pradesh,Vaddadi,17.8474,82.8729
Karnataka,Kalakeri,16.6667,76.3
Uttar Pradesh,Anandnagar,27.1,83.2833
Karnataka,Horti,17.17,75.96
Bihar,Masdi,25.2441,86.7233
Andhra Pradesh,Kondakindi Agraharam,14.679,77.7401
Tamil Nadu,Adigappadi,12.1459,78.0946
Bihar,Raghunathpur,26.0019,84.2753
Tamil Nadu,Perumuchchi,13.056,79.6755
Karnataka,Havanur,14.8667,75.7
Bihar,Chauki Hasan Chauki Makhdum,26.2333,84.4964
Uttar Pradesh,Machchand,26.3241,79.0543
Bihar,Shahpur Chaumukhi,25.7683,86.9049
Tamil Nadu,Talugai,11.3752,78.4822
Andhra Pradesh,Korosavada,18.7256,84.0573
Bihar,Sahidganj,25.6627,87.0976
Tamil Nadu,Kadaladi,12.404,78.966
Bihar,Ekamba,25.9689,87.5741
Andhra Pradesh,Jangalapalle,14.8997,79.8936
Telangana,Advi Devalpalli,16.6631,79.5139
Tamil Nadu,Erutukada,8.2658,77.1358
Bihar,Hardas Bigha,25.4994,85.3551
Andhra Pradesh,Karapa,16.9,82.1667
Tamil Nadu,Padugaipattu,8.3642,77.9815
Punjab,Thikriwala,30.4328,75.5261
Bihar,Malinagar,25.9967,85.6863
Bihar,Ghatawan,25.0968,83.7266
Bihar,Khaira,24.8727,86.2089
Jharkhand,Mesra,23.4339,85.4152
Bihar,Kasba,25.5856,88.1122
Tamil Nadu,Bagalur,12.8333,77.8667
Bihar,Dudhpura,25.7964,86.1189
Bihar,Shahpur Undi,25.637,85.6013
Bihar,Bara Khurd,25.2599,85.4325
Bihar,Mocharim,24.6794,84.9905
Punjab,Rupana,30.407,74.5276
West Bengal,Dhamua,22.2875,88.3962
Bihar,Dalawarpur,26.3466,84.9581
Haryana,Saha,30.3,76.9667
Andhra Pradesh,Rangasamudram,14.9852,78.9765
Tamil Nadu,Taiyur,12.7833,80.1833
Madhya Pradesh,Gauli Palasiya,22.5323,75.7275
Karnataka,Petmanhalli,17.7688,77.5056
Bihar,Tinkoni,26.8613,84.9647
Andhra Pradesh,Lepakshi,13.81,77.6
Telangana,Nallikodur,17.5811,79.75
Tamil Nadu,Vembaditalam,11.5,78.1
Tamil Nadu,Maharajapuram,9.6588,77.6631
Madhya Pradesh,Baldeogarh,24.7562,79.0672
Madhya Pradesh,Suthalia,23.9955,77.1395
Kerala,Puduparambubhagam,9.6,76.74
Tamil Nadu,Sirugamani,10.8975,78.5142
Jharkhand,Hajipur,25.2657,87.5019
Andhra Pradesh,Ganapavaram,16.4314,80.0515
Andhra Pradesh,Munagapaka,17.6333,83
Bihar,Bela,24.9689,84.974
Bihar,Panrepatti,25.5537,83.9775
Bihar,Lalmunia Munhara,26.5741,86.4012
Tamil Nadu,Kil Perambalur,11.36,79.098
Odisha,Belpara,20.5889,82.9729
Bihar,Dhangaraha,26.0204,84.7023
Punjab,Pakka Kalan,30.0323,74.8555
Tamil Nadu,Silamalai,9.9621,77.3371
Assam,Dagiapara,26.4568,91.8294
Kerala,Vandamettu,9.7167,77.15
Bihar,Tiri,25.8871,86.6757
Bihar,Amwa Majhar,26.7362,84.5818
Karnataka,Kolagallu,15.15,76.92
Gujarat,Waghai,20.7667,73.4833
Maharashtra,Ghargaon,18.616,74.698
Rajasthan,Deh,27.3,73.9
Andhra Pradesh,Medarametla,15.7167,80.0167
Jammu and Kashmir,Hanzviur,34.141,74.5829
Uttar Pradesh,Amsin,26.5733,82.4357
Tamil Nadu,Muttalakanpatti,10.8652,78.6492
Telangana,Isnapuram,17.5443,78.3486
Kerala,Karumulaikkal,9.3167,76.8
Assam,Dhalai,24.5958,92.8466
Andhra Pradesh,Nidamaluru,15.6547,80.0678
Uttar Pradesh,Budwan,25.7775,81.1681
Uttar Pradesh,Khanpur,25.341,83.074
Telangana,Venkatapuram,18.7652,78.3933
Mizoram,Chhimluang,24.5157,92.8222
Rajasthan,Dhirwas,28.8443,74.916
Karnataka,Siddarampuram,15.53,76.636
Gujarat,Reha Mota,23.1887,69.9034
Tamil Nadu,Paravakkottai,10.6005,79.4313
Tamil Nadu,Mevani,11.5,77.5333
Delhi,Chhatarpur,28.4565,77.0032
Punjab,Tharial,32.3547,75.6067
Uttarakhand,Dewal Thal,29.7,80.2167
Tamil Nadu,Lakshmipuram,10.0774,77.5198
Maharashtra,Gandhali,21.104,75.105
Odisha,Fatehgarh,20.3,85.33
Andhra Pradesh,Kambhaladinne,15.1274,79.5413
Gujarat,Kerwada,21.9,72.85
Tamil Nadu,Ulipuram,11.4667,78.4667
Rajasthan,Kochhor,27.6268,75.1376
Odisha,Betnoti,21.7355,86.8499
Gujarat,Balagam,21.3694,70.0981
Tamil Nadu,Mangalam,11.9256,78.8872
Kerala,Ramamangalam,9.9333,76.5
Bihar,Bishunpur,25.8029,85.9886
Telangana,Bomareddipalli,18.7044,79.1568
Bihar,Rakhwari,26.3603,86.2882
Tamil Nadu,Vilpatti,10.2672,77.5014
Andhra Pradesh,Erraballa,14.3971,78.1744
West Bengal,Paikpara,24.3149,87.8503
Punjab,Fatehabad,31.3811,75.0996
Karnataka,Yadwad,16.24,75.18
West Bengal,Ketugram,23.7017,88.0439
West Bengal,Rangamati,26.8076,89.4572
Bihar,Fateha,25.6073,85.8669
Tamil Nadu,Kengarai,11.4144,76.9277
Tamil Nadu,Pullambadi,10.9667,78.9167
Telangana,Chada,17.4992,79.0756
Uttar Pradesh,Dilra,29.043,78.75
Tamil Nadu,Inungur,10.8507,78.4889
Bihar,Simri,26.3825,86.1705
Andhra Pradesh,Gulyam,15.3598,77.067
Karnataka,Hosur,15.8201,74.9301
Andhra Pradesh,Itikalapalle,14.6013,77.6582
Bihar,Painal,25.59,84.9304
Bihar,Madhuban,25.8948,87.1093
Karnataka,Kanyana,12.9,75.03
Karnataka,Tansandra,13.0554,77.6342
Bihar,Bhawanipur,26.2385,86.0995
Bihar,Dumri,25.475,85.0913
Bihar,Mamobihat,26.1466,86.1747
Tamil Nadu,Kottaipatti,10.1533,77.7315
Andhra Pradesh,Erraguntlakota,13.9622,79.2768
Tamil Nadu,Tokkavadi,11.3702,77.8412
Bihar,Kishunpur,25.7947,86.8237
Tamil Nadu,Kambaliyampatti,10.3671,78.1233
Andhra Pradesh,Chakicherla,15.1127,80.0366
Tamil Nadu,Sundekuppam,12.4567,78.2125
Bihar,Kapasiawan,25.2783,85.2869
Kerala,Padinjarebagam,10.3222,76.1792
Haryana,Khandsa,28.422,76.99
Goa,Mahem,15.5796,73.926
Tamil Nadu,Ettimadai,10.8911,76.9087
Bihar,Khuran Milik,25.6,86.8679
Bihar,Saharbani,25.7201,86.41
Karnataka,Puttige,13.0751,74.9597
Tamil Nadu,Ennamangalam,11.6449,77.593
Bihar,Bhado Khara,24.9567,85.513
Bihar,Nariar,25.8875,86.5632
Tamil Nadu,Pachchampalaiyam,11.5723,77.6096
Andhra Pradesh,Ammanabrolu,15.5802,80.1488
Karnataka,Kamdoli,15.2048,75.2549
Bihar,Telwa,26.0877,86.517
Karnataka,Akalapura,13.4852,77.4621
Bihar,Telpur,27.0548,84.3336
Kerala,Kinalur,11.4667,75.8333
Bihar,Lalganj,25.7297,87.4799
Bihar,Khapdeh,26.2706,87.1993
Odisha,Kalimala,18.0738,81.7495
Bihar,Kadrabad,25.5793,85.9475
Bihar,Parwaha,26.2336,87.2197
Andhra Pradesh,Vedurupavaluru,16.5519,80.7309
Bihar,Kargahia Purab,26.7887,84.5298
Punjab,Bajwara,31.515,75.9494
Andhra Pradesh,Angalakuduru Malepalle,16.2392,80.6117
Andhra Pradesh,Dharmavaram,18.2164,83.8856
Tamil Nadu,Minnampalli,11.6758,78.2676
Tamil Nadu,Pavittiram,11.1406,78.3631
Telangana,Honwada,16.7333,77.9333
Bihar,Barni,25.3484,85.0594
Bihar,Pipraun,26.599,85.9356
Andhra Pradesh,Pudimadaka,17.5,83.0167
Tamil Nadu,Kunnur,9.5882,77.7006
Karnataka,Karajgi,14.8641,75.4535
Bihar,Kaunra,25.5231,84.5575
Bihar,Bharhopur,25.9488,84.5274
Bihar,Kaith,25.4776,86.2001
Tamil Nadu,Navinipatti,10.0439,78.3557
Bihar,Suhiya,25.6482,84.3916
Telangana,Shankarampet,18.049,77.9143
Karnataka,Tonse East,13.3963,74.7217
Maharashtra,Wangi,18.1833,75.15
Madhya Pradesh,Bilehra,23.6463,78.7311
Punjab,Dera Baba Nanak,32.0321,75.0292
Telangana,Ippagudem,17.7668,79.3751
Tamil Nadu,Siruvalur,11.36,77.4575
Bihar,Baghant,26.1748,86.1705
Tamil Nadu,Jettihalli,12.08,78.1193
Karnataka,Gudgeri,15.1225,75.3653
Andhra Pradesh,Namakadu,14.006,80.1194
West Bengal,Muthabana,24.9346,88.0425
Bihar,Bhadsara,25.3696,84.8444
West Bengal,Kaimati,26.3186,89.7843
Tamil Nadu,Kadanganeri,8.92,77.55
Andhra Pradesh,Chintapalle,17.8667,82.35
Bihar,Gurwalia Biswas,26.8372,84.4687
Uttarakhand,Sultanpur,29.16,79.06
Karnataka,Hosahalli,14.648,76.4672
Bihar,Barahra,26.2356,86.5615
Bihar,Baltara,25.5116,86.7232
Madhya Pradesh,Nayagaon,24.5622,74.776
Andhra Pradesh,Reddigudem,16.8939,80.6917
Jammu and Kashmir,Qazigund,33.5921,75.1654
Telangana,Chegur,17.1758,78.2298
Andhra Pradesh,Ommangi,17.2597,82.2236
Tamil Nadu,Palepalli,12.5667,78.3071
Kerala,Muttattuteruvu,9.4333,76.5389
Tamil Nadu,Vettaikkaraniruppu,10.5739,79.8353
Telangana,Lingampet,18.2383,78.1303
Bihar,Mahisanrh,25.7358,85.5818
Madhya Pradesh,Majhgawan,23.4039,80.2098
Tamil Nadu,Tanichchiyam,10.0412,78.0127
Tamil Nadu,Paradarami,13.0833,78.9833
Tamil Nadu,Berikai,12.8056,77.971
Karnataka,Narasimharajapura,13.6108,75.512
Tamil Nadu,Achchippatti,10.6989,77.015
Karnataka,Kadoli,15.88,74.56
Madhya Pradesh,Tigaon,21.6456,78.4576
Uttar Pradesh,Surir,27.7718,77.7208
West Bengal,Tulin,23.3794,85.8906
Odisha,Boriguma,19.0468,82.5532
Bihar,Katarmala,25.5036,86.2447
Bihar,Hansa,26.0911,87.3089
Punjab,Kharial,30.1056,75.8855
Assam,Kokiladanga,26.3688,89.8335
Andhra Pradesh,Pedda Kotayalanka,16.1567,80.8314
Andhra Pradesh,Itamukkala,15.3731,80.113
Jammu and Kashmir,Kaimuh,33.7197,75.0811
Bihar,Shahzadpur,25.6541,86.8709
Andhra Pradesh,Manubolu,14.1833,79.8833
Bihar,Patsanda,24.858,86.3008
West Bengal,Chandankiari,23.5781,86.3598
Bihar,Karghar,25.1267,83.9274
Tamil Nadu,Iraiyur,11.7834,79.197
Tamil Nadu,Pushpattur,10.5438,77.41
Tamil Nadu,Terku Narippaiyur,9.1167,78.4188
Bihar,Birpur Barapatti Pindraun,26.5475,86.3898
Tamil Nadu,Kodivalasa,13.2547,79.4249
Bihar,Gangapur Athar,25.8214,85.7123
Andhra Pradesh,Padarti,15.469,80.183
Madhya Pradesh,Nisarpur,22.1088,74.8078
Karnataka,Kusugal,15.3667,75.2167
Bihar,Pithaura,26.262,87.0983
Bihar,Baragaon,25.1348,85.432
Andhra Pradesh,Nagulapadu,16.0634,80.3395
Bihar,Amjhar,25.0641,84.5591
Telangana,Indurti,18.2233,79.1355
Bihar,Gorha,26.2267,86.9349
Punjab,Chuhal,31.595,75.9684
Bihar,Aurahi,26.0355,86.7467
Karnataka,Basapatna,15.4302,76.4869
Tamil Nadu,Pasupatikovil,10.8893,79.1795
Himachal Pradesh,Nurpur,32.3,75.9
Karnataka,Kalas,15.0981,75.4067
Jharkhand,Palkot,22.8748,84.6433
Bihar,Dumri,25.735,84.8762
Bihar,Gangaur,26.5666,85.8821
Karnataka,Sorab,14.3814,75.0918
Karnataka,Kinhalu,15.4431,76.1397
Bihar,Kalyanpur,26.4802,84.1789
Andhra Pradesh,Paravada,17.6283,83.0793
Tamil Nadu,Kil Valur,10.7659,79.7419
Jharkhand,Keshwari,24.1878,85.8411
Jharkhand,Manushmuria,22.2808,86.7386
Andhra Pradesh,Velpuru,16.1775,80.7425
Bihar,Sukhsena,25.6881,87.1194
Tamil Nadu,Silvarpatti,10.4473,77.9086
Madhya Pradesh,Khathjari,24.7046,81.9891
Tamil Nadu,Veppattur,11.0154,79.4344
Bihar,Chak That,25.7347,86.034
Madhya Pradesh,Bag,22.359,74.7905
Madhya Pradesh,Bamora,24.0554,78.0893
Punjab,Kotli Ablu,30.3504,74.7868
Bihar,Jhitkahiya,26.786,84.8858
Tamil Nadu,Alagarai,10.9826,78.3891
Bihar,Koini,26.4226,84.5147
Bihar,Charne,26.1185,87.0754
Bihar,Gangania,25.2395,86.6536
Andhra Pradesh,Muddanuru,14.6667,78.4
Andhra Pradesh,Nallamadu,16.8802,81.3549
Bihar,Ramnagar Bankat,26.7595,84.6122
Bihar,Jalalpur,26.0433,84.5041
Bihar,Semri,25.6246,85.7672
Tamil Nadu,Manalurpettai,12.0079,79.0918
Bihar,Pakri,25.5876,85.158
Tamil Nadu,Valantaravai,9.339,78.8871
Telangana,Perket,18.7942,78.3068
Telangana,Karankot,17.2866,77.5644
Bihar,Mahinathpur,26.6554,86.0674
Bihar,Kanchanpur,24.6096,84.2361
Madhya Pradesh,Jaisinghnagar,23.6858,81.3909
Tamil Nadu,Kattagaram,12.411,78.3153
Andhra Pradesh,Ganguru,16.475,80.7411
Bihar,Salkhua,25.6677,86.6002
Andhra Pradesh,Erravaram,17.5458,82.8433
Kerala,Aramangalam,11.5843,76.0001
Telangana,Kolnur,18.5095,79.426
Bihar,Dhamsain,26.0938,86.2541
Telangana,Chegurumomadi,18.2361,79.1974
Bihar,Jagatpur,26.3738,86.0509
Andhra Pradesh,Satuluru,16.2541,80.1214
Madhya Pradesh,Shahganj,22.8467,77.798
Bihar,Urlaha,25.744,87.0929
Andhra Pradesh,Undavalli,16.4957,80.58
Telangana,Dhanwada,16.65,77.6667
Bihar,Sirdala,24.6559,85.4092
Karnataka,Hunasamaranhalli,13.1435,77.62
Bihar,Chausa,25.5149,83.897
Tamil Nadu,Murungattoluvu,11.1651,77.6411
Bihar,Ghusiya,25.1832,84.2486
Bihar,Motipur,25.8159,86.014
Tamil Nadu,Semmarikulan,8.4815,77.9972
Bihar,Kaithinia,26.2317,86.2817
Andhra Pradesh,Rangasamudram,13.714,78.2645
Bihar,Kusumha,25.1859,85.9234
Punjab,Hadiaya,30.3413,75.5117
Andhra Pradesh,Atlapadu,16.8877,81.6772
Bihar,Rampur,25.8864,86.9547
Tamil Nadu,Karattuppalaiyam,11.4402,77.3575
Tamil Nadu,Elambalur,11.2669,78.8816
Madhya Pradesh,Bareh,26.6786,78.1887
Kerala,Kakkat,12.1998,75.2024
Goa,Tivim,15.6,73.8
Gujarat,Mahuver,21.0081,72.8681
Tamil Nadu,Tellar,12.4011,79.553
Bihar,Haraiya,27.09,85.09
Tamil Nadu,Kottampatti,10.6705,77.0194
Tamil Nadu,Sundarapandiyam,9.6127,77.6738
Jharkhand,Lapanga,23.6333,85.377
Tamil Nadu,Tiruvengadam,9.2586,77.6748
Tamil Nadu,Periyapuliyur,11.4296,77.6309
Tamil Nadu,Kannandahalli,12.4164,78.3803
Andhra Pradesh,Vanipenta,14.7906,78.7805
Andhra Pradesh,Punnavalli,16.4062,80.401
Bihar,Belsara,26.0152,87.2023
Bihar,Bararam,26.1572,84.3627
Karnataka,Rampura,14.881,76.7814
Bihar,Pipra Dewas,25.4636,86.0236
Bihar,Madhubani,27.0001,84.104
Tamil Nadu,Atturkuppam,12.6,78.5423
Karnataka,Wadgira,16.5858,77.098
Tamil Nadu,Tungavi,10.6263,77.3294
Telangana,Zafargarh,17.7686,79.4859
West Bengal,Para,23.52,86.52
Bihar,Pai Bigha,25.0511,84.9226
Tamil Nadu,Latteri,12.9712,79.0685
Andhra Pradesh,Santamaguluru,16.1303,79.9486
Madhya Pradesh,Mohdra,24.1849,79.9577
Madhya Pradesh,Malhargarh,24.2829,74.9902
Tamil Nadu,Velakkuttai,12.6519,78.6937
Tamil Nadu,Avalurpet,12.38,79.3465
Andhra Pradesh,Pulluru,16.8301,80.6226
Andhra Pradesh,Pondaluru,14.2535,79.2408
Kerala,Perumbalam,9.85,76.3667
Jharkhand,Makri,24.386,83.5559
Madhya Pradesh,Piprai,24.5097,77.9642
Madhya Pradesh,Pindra,24.9595,80.7879
Bihar,Madanpur,24.6554,84.5844
Madhya Pradesh,Dinara,25.4613,78.3205
Tamil Nadu,Ottappidaram,8.9127,78.0218
Madhya Pradesh,Pathari,23.9333,78.2167
Bihar,Makhar,25.7693,86.6025
Bihar,Parmanpur,26.1457,87.3122
Tamil Nadu,Laligam,12.05,78.15
Andhra Pradesh,Velpuru,16.1496,79.863
Bihar,Bithauli,26.0219,86.0793
Bihar,Manrar,25.8895,85.0643
Bihar,Thepaha Raja Ram,26.2229,84.2523
Tamil Nadu,Reddippatti,11.21,78.2166
Bihar,Pareo,25.5582,84.8017
West Bengal,Karimpur,23.97,88.62
Punjab,Kishanpura Kalan,30.9337,75.3499
Karnataka,Dundankop,16.14,74.81
Tamil Nadu,Kannamangalam,12.7499,79.1518
Bihar,Dahua,24.7742,87.0325
Telangana,Talapalli,18.1158,78.57
Bihar,Barahbatta,25.7727,85.7522
Bihar,Dandkhora,25.5729,87.6472
Bihar,Hardia,25.8657,86.2176
Tamil Nadu,Tiruvambalapuram,8.2514,77.7752
Andhra Pradesh,Konidena,16.0156,80.057
Bihar,Dhorgaon,25.9545,86.8933
Madhya Pradesh,Simrol,22.5387,75.9111
Tamil Nadu,Ikkarai Boluvampatti,10.9669,76.7996
Tamil Nadu,Nanjundapuram,11.0857,76.8726
Bihar,Kataha,26.7159,84.9424
Karnataka,Beltangadi,12.9795,75.2699
Tamil Nadu,Bendrahalli,12.2642,78.3223
Madhya Pradesh,Piploda,23.6073,74.942
Haryana,Kathurah,29.086,76.582
Tamil Nadu,Adamankottai,12.0742,78.1237
Punjab,Bhagsar,30.4417,74.4023
Gujarat,Godhra,20.9231,70.9214
West Bengal,Madari Hat,26.7,89.2833
Bihar,Bochaha,25.5675,85.7393
Telangana,Gundi,18.6237,79.0923
Tamil Nadu,Nambutalai,9.7277,79.0071
Karnataka,Anantpur,16.889,75.0146
Haryana,Bilaspur,30.32,77.32
Bihar,Tadhwa Nandpur,26.7556,84.4326
Bihar,Babhantoli,26.252,87.926
Bihar,Masar,25.5577,84.5767
Bihar,Rampur,25.1826,86.1465
Andhra Pradesh,Gandlapenta,14.05,78.3089
Bihar,Haripur,26.258,87.242
Tamil Nadu,Mangalam,11.6368,79.2806
Karnataka,Thogaduru,12.0957,76.8078
Andhra Pradesh,Kirlampudi,17.1919,82.1825
Bihar,Bhawanandpur,25.54,86.103
Rajasthan,Hindoli,25.4,75.83
West Bengal,Petua,22.4143,88.4489
Bihar,Dobhawan,25.3987,85.7856
Karnataka,Gonikoppal,12.183,75.9294
Tamil Nadu,Chavuttahalli,12.4202,78.2352
Telangana,Chilpur,18.2388,79.4529
Kerala,Kudayattur,9.8167,76.7833
Telangana,Soanpeta,18.9586,78.361
Karnataka,Majali,14.9,74.1
Karnataka,Sulibele,13.1667,77.8
Karnataka,Pachhapur,16.0955,74.6875
Jharkhand,Banaso,23.9884,85.7866
Karnataka,Ratnahalli,12.3652,76.502
Bihar,Ekma,26.0541,86.6121
Tamil Nadu,Puduppattanam,10.7626,79.1616
Andhra Pradesh,Rellivalasa,17.9108,83.41
Tamil Nadu,Talavadi,11.778,77.0055
Tamil Nadu,Perumbalai,11.9635,77.9375
Andhra Pradesh,Pagidyala,15.9333,78.3333
Tamil Nadu,Avanashipalaiyam,10.9696,77.4352
Karnataka,Nagathan,16.83,75.73
Bihar,Gamharia,26.0561,86.7243
Tamil Nadu,Parur,11.5793,79.255
Bihar,Sarmera,25.2564,85.7988
Madhya Pradesh,Jaisinghnagar,23.626,78.5726
Andhra Pradesh,Sanampudi,16.086,79.835
Uttar Pradesh,Gawan,28.43,78.35
Andhra Pradesh,Ittikelakunta,16.6797,81.7094
Bihar,Kochgawan,25.0431,85.6279
Andhra Pradesh,Nandamuru,16.8458,81.6466
West Bengal,Daulatpur,25.3682,87.8983
Bihar,Baretha,25.5258,87.4485
Gujarat,Adesar,23.5589,70.9833
Bihar,Mianpur Dubauli,26.7381,84.4661
Tamil Nadu,Koranampatti,11.6085,77.9049
Tamil Nadu,Palankottai,9.1356,77.6952
Bihar,Bisaria,25.9789,87.1003
Madhya Pradesh,Semri,22.6833,78.0833
Bihar,Parauli,26.2227,84.7042
Tamil Nadu,Virapandiyanpattanam,8.52,78.1181
Bihar,Dumra,25.5907,87.0614
West Bengal,Kamargani,22.5475,88.6606
Telangana,Vemulanarva,16.992,80.2824
West Bengal,Nazira,22.218,88.2757
Telangana,Kondaparti,17.9219,79.5373
Madhya Pradesh,Ekalbehri,21.8933,78.8794
Bihar,Sirsa,26.2667,84.7403
Telangana,Vardhamankota,17.3775,79.441
Punjab,Gobindpura,30.2805,75.0187
Uttarakhand,Dakpatthar,30.4969,77.7989
Karnataka,Kannulu,12.8685,74.9025
Bihar,Sangi,26.3237,86.4481
Bihar,Salehpur,25.6119,87.2973
Telangana,Arrapalli,18.0718,79.7386
Madhya Pradesh,Thikri,22.0634,75.4007
Madhya Pradesh,Dabhaura,25.1162,81.3044
Bihar,Naruar,26.2388,86.2396
Madhya Pradesh,Berchha,23.2823,76.3199
Andhra Pradesh,Ramasingavaram,16.8863,81.1083
Telangana,Gangadhar,18.5883,79.011
Karnataka,Dodarasinakere,12.5083,77.02
Tamil Nadu,Minakshipuram,9.9908,77.3709
Bihar,Kanhai,25.9761,86.2898
Jharkhand,Udburu,23.0333,85.3667
Bihar,Khundawandpur,25.6689,86.0363
Tamil Nadu,Navani,11.3709,78.138
Bihar,Ekhari,26.5246,86.3071
Bihar,Khaspur,25.6466,84.9936
Bihar,Jalkaura,25.5034,86.3671
Andhra Pradesh,Kaikaram,16.812,81.366
Kerala,Vatakemuri,10.43,76.12
Bihar,Rampur Rajwa,25.7057,86.1781
Karnataka,Somvarpet,12.597,75.8496
Telangana,Mallampalli,18.1105,79.8494
Jharkhand,Barwadih,23.8478,84.1105
Bihar,Madhopur,26.7369,85.0625
Madhya Pradesh,Raun,26.3431,78.9443
Punjab,Atari,31.6008,74.6056
West Bengal,Manbazar,23.0615,86.6642
Tamil Nadu,Valaiyampattu,12.6927,78.6347
Bihar,Paharpur,25.7225,86.6203
Bihar,Madhura,25.5418,87.5267
West Bengal,Janapul,22.8615,88.6868
Karnataka,Adivala,13.9131,76.6619
Tamil Nadu,Sendamangalam,11.7431,79.379
Tamil Nadu,Kalladai,10.7272,78.4634
Bihar,Sikandarpur,25.3256,86.5051
Karnataka,Manchenahalli,13.5007,77.6035
Bihar,Rampur Parhat,25.5916,87.1622
Arunachal Pradesh,Khagam,27.32,95.9
Andhra Pradesh,Trovagunta,15.5509,80.0589
Bihar,Kujri,26.2392,87.6366
Tamil Nadu,Anjukulippatti,10.2444,78.0794
West Bengal,Dhantola,26.2016,88.1095
Rajasthan,Bagor,25.3575,74.3731
Punjab,Nathana,30.3155,75.0931
Rajasthan,Ranigaon,27.1,74.4167
Bihar,Mangrawan,25.0929,84.3912
Andhra Pradesh,Muddada,18.2385,83.8687
Jharkhand,Ilami,24.6776,87.8804
Madhya Pradesh,Devmaudaldal,24.6312,81.1594
Bihar,Baghduma,24.8223,87.0116
Bihar,Kaithwar,26.1678,86.2575
Punjab,Valtoha,31.2074,74.6423
Bihar,Madhuban Bediban,26.5062,84.9951
Bihar,Karath,25.201,84.3672
Bihar,Mehdipur,25.3902,86.7324
Telangana,Narayanraopet,18.2114,78.7794
Karnataka,Hesarghatta,13.1391,77.4783
Punjab,Malaudh,30.6333,75.9356
West Bengal,Katigang,25.4157,87.8245
Andhra Pradesh,Nadimpalem,16.2123,80.3097
Bihar,Ekchari,25.2093,87.2159
Tamil Nadu,Viralimalai,10.6023,78.5471
Tamil Nadu,Tepperumalnallur,10.9694,79.4254
Andhra Pradesh,Durgi,16.4286,79.5406
Tamil Nadu,Periya Pattanam,9.2726,78.9023
Tamil Nadu,Gudalur,10.783,78.4232
Jammu and Kashmir,Bimun,34.0588,74.7539
Andhra Pradesh,Molagavalli,15.3567,77.3301
Bihar,Musapur,25.6821,85.7346
Tamil Nadu,Malaimachchampatti,10.9058,77.005
Haryana,Israna,29.2739,76.8461
Madhya Pradesh,Sundarsi,23.2688,76.4399
Tamil Nadu,Elurpatti,11.0234,78.2844
Bihar,Asahni,26.0079,84.4799
Karnataka,Marne,13.3284,75.0113
Punjab,Alawalpur,31.4316,75.6561
Karnataka,Uppur,13.3945,74.7657
Telangana,Inole,17.8682,79.5545
Bihar,Gangapur,25.8565,86.9496
Jammu and Kashmir,Gold,33.5874,74.1445
Bihar,Kerap,24.8332,84.614
Tamil Nadu,Idumbavanam,10.4224,79.6001
Madhya Pradesh,Bijeraghogarh,23.9955,80.6066
Telangana,Narsingi,17.3876,78.357
Gujarat,Khawad,23.5443,72.4432
Kerala,Erikolam,12.1333,75.2833
Tamil Nadu,Kadanadu,11.4607,76.7182
Andhra Pradesh,Kommuru,16.0667,80.3667
Bihar,Gonghaur,26.4346,86.216
Bihar,Raitar,25.0577,85.5366
Bihar,Dhanga,26.463,86.0452
Andhra Pradesh,Kankanalapalle,15.9923,79.4848
Bihar,Pipra,26.346,87.2916
Bihar,Chewara,25.0756,85.9277
Bihar,Harlakhi,26.6353,85.9842
Odisha,Rasol,20.6298,85.3126
Bihar,Ghosrawan,25.091,85.578
Punjab,Saidoke,30.5267,75.2867
Karnataka,Medleri,14.6667,75.7333
Bihar,Khanpur Khairanti,26.1456,84.3334
Bihar,Bairiya,26.3392,84.8236
Andhra Pradesh,Elurupadu,16.5167,81.35
Bihar,Aurahi,25.8263,87.1365
Bihar,Dibraghani,25.8261,87.0664
Kerala,Vadakethara,10.6583,76.4667
Bihar,Ghanipur Bejha,25.9281,85.5548
Uttar Pradesh,Basni,25.4435,82.8291
Tamil Nadu,Budalur,10.7861,78.9864
Tamil Nadu,Anjehalli,12.1395,77.9808
Madhya Pradesh,Naurhiya,24.2069,82.5655
Bihar,Sadiqpur Maraul,25.9966,85.5777
Karnataka,Bendarhalli,12.15,77.1
Bihar,Simarbani,26.1953,87.1769
Tamil Nadu,Sivamalai,11.0319,77.5384
Madhya Pradesh,Jawasa,26.6259,78.7418
Bihar,Bobil,25.6269,86.8069
Assam,Sarpamari,26.3073,89.8666
Karnataka,Nirna,17.77,77.14
Madhya Pradesh,Iawar,23.0094,76.5007
Jammu and Kashmir,Khari,33.389,75.1514
Bihar,Muhammadganj,26.1506,87.0792
West Bengal,Dharir,22.3958,88.8628
Kerala,Kallayi,12.0051,75.583
Bihar,Mohanpur,25.5507,85.3222
Tamil Nadu,Kovilpatti,10.0283,77.5809
Jammu and Kashmir,Danau Kandimarg,33.5646,74.9754
Rajasthan,Ramdeora,27.01,71.92
Tamil Nadu,Ponneri,12.5972,78.5979
West Bengal,Ramkali,22.4322,88.3285
Tamil Nadu,Pettampalaiyam,11.3499,77.5706
Andhra Pradesh,Devarapalle,17.9886,82.9811
Andhra Pradesh,Uppalaguptam,16.5667,82.1
Madhya Pradesh,Singhana,22.1902,74.9702
Jharkhand,Taisar,22.4867,84.1804
Bihar,Hazrat Shiura,25.5976,85.6119
Assam,Jamunamukh,26.1015,92.7426
Telangana,Vempatti,17.4488,79.5992
Madhya Pradesh,Ukwa,21.971,80.4662
Bihar,Gaurdah,25.7097,86.557
Andhra Pradesh,Kadimetla,15.7376,77.5385
Uttarakhand,Jhabrera,29.8091,77.7734
Tamil Nadu,Sarakkayhalli,12.2191,78.048
Bihar,Kharagbani,26.4852,86.3073
Madhya Pradesh,Kakarati,24.5639,80.2659
Andhra Pradesh,Rangapuram,15.4092,78.0746
Tamil Nadu,Tirubhuvane,11.9281,79.6448
Tamil Nadu,Pumalakkundu,9.8871,77.4498
Bihar,Bakharia,26.7666,84.6619
Bihar,Ukhai Purbari Patti,26.2471,84.4066
Gujarat,Barjhar,22.6012,74.2471
Punjab,Hamira,31.4589,75.4304
Bihar,Hathaura,26.1744,84.3294
Madhya Pradesh,Chhapera,23.8948,76.4538
Tamil Nadu,Tandarampattu,12.1533,78.9473
Tamil Nadu,Baisuhalli,12.2064,78.1906
Bihar,Barahpur,25.4192,85.8762
Gujarat,Langhnaj,23.45,72.4833
Tamil Nadu,Tiruvaduturai,11.0379,79.5215
Andhra Pradesh,Muppalla,16.3198,80.0927
Tamil Nadu,Tadangam,12.1056,78.1226
Madhya Pradesh,Bagchini,26.4817,77.8185
Bihar,Mahalgaon,26.0466,87.5774
Telangana,Bayaram,18.0506,80.7375
Karnataka,Kirangur,12.4316,76.6993
Tamil Nadu,Chinnampalaiyam,10.6604,77.0248
Andhra Pradesh,Asudapuram,15.878,78.132
Bihar,Chilmil,25.4563,86.1364
Punjab,Chiman,30.12,75.695
Bihar,Qutubpur,25.6279,85.3684
Assam,Barpathar,26.2871,93.8884
West Bengal,Kalaikunda,22.3424,87.2265
Punjab,Ladhuka,30.5082,74.0905
Jharkhand,Chandwara,24.393,85.4798
Andhra Pradesh,Bhogapuram,18.0311,83.4967
Punjab,Parol,32.346,75.4344
Tamil Nadu,Nattakkadaiyur,11.0882,77.6637
Bihar,Katuria,24.7476,86.7205
Tamil Nadu,Takkali,8.2461,77.3186
Tamil Nadu,Mallappadi,12.5273,78.3756
Madhya Pradesh,Kesli,23.4183,78.8062
West Bengal,Manteswar,23.4225,88.1075
Andhra Pradesh,Nulivedu,14.1002,78.5548
Tamil Nadu,Chinnakkavundanur,11.4559,77.8673
Telangana,Jaffar Khanpet,18.6875,79.5411
Andhra Pradesh,Boddikurapadu,15.6591,79.7509
Bihar,Harpur,25.6537,86.3288
Bihar,Tarawan,24.7295,85.2529
Bihar,Pelagor,25.5992,87.7214
Bihar,Sujapur,25.4815,87.4435
Karnataka,Sosale,12.233,76.917
Bihar,Borna,25.4373,86.6172
Bihar,Hasanpura,26.0751,84.3618
Andhra Pradesh,Nagayalanka,15.95,80.9167
Uttar Pradesh,Unao,25.5784,78.6006
Bihar,Telkathu,26.1124,84.3733
Tamil Nadu,Kalvarpatti,10.625,77.9375
Punjab,Maihma Sarja,30.311,74.8427
Bihar,Jahangirpur Salkhani,25.8335,85.4795
Bihar,Baisa,25.3552,86.7246
Andhra Pradesh,Timmapuram,15.4887,78.5744
Uttarakhand,Rudraprayag,30.28,78.98
Bihar,Janpur,25.2958,84.8789
Jharkhand,Chianki,24.0051,84.1098
Punjab,Ralla,30.12,75.432
Tamil Nadu,Pangunattam,12.1112,78.0123
Assam,Rupahi,26.411,92.74
Tamil Nadu,Patchur,12.5949,78.4622
Madhya Pradesh,Mariyadau,24.2762,79.6559
Bihar,Khajuri,26.063,87.1341
Andhra Pradesh,Satravada,13.3201,79.5488
Bihar,Pasraha,25.3973,86.7034
Andhra Pradesh,Draksharama,16.7928,82.0635
Tamil Nadu,Uranganpatti,9.9984,78.4297
Karnataka,Mumaradikop,15.9,75.5
Karnataka,Honganur,12.6044,77.2175
Bihar,Isua,25.233,85.843
Karnataka,Kanajanahalli,14.1092,76.8381
Bihar,Khandaich,24.8511,86.2395
Tamil Nadu,Modavandisatyamangalam,11.2635,77.7285
Bihar,Kharahara,24.9142,87.0006
Madhya Pradesh,Dahi,22.1122,74.5879
Bihar,Asarhi,25.2892,85.2189
Bihar,Lagunia Raghukanth,25.8195,85.7725
Tamil Nadu,Kollankulam,8.7964,77.5681
Tamil Nadu,Kunnattur,11.2727,77.4107
Andhra Pradesh,Uppalapadu,16.3862,79.9983
Madhya Pradesh,Chicholi,22.01,77.66
Bihar,Majhariya,26.8696,84.8771
Bihar,Bhachhi,26.3404,86.0585
Bihar,Thakurainia,26.2098,86.0191
Bihar,Anandpur,25.6192,84.8673
Bihar,Gainrha,25.9916,87.4648
Bihar,Deokali,25.9068,86.1111
Andhra Pradesh,Rajapudi,17.183,82.05
Tamil Nadu,Punnaikkayal,8.6322,78.1119
Andhra Pradesh,Oppicherla,16.4444,79.6967
Tamil Nadu,Pappampatti,10.4446,77.4048
Tamil Nadu,Alukkuli,11.4458,77.3574
West Bengal,Chilakhana,26.299,89.5892
Bihar,Piru,25.1009,84.5583
Bihar,Rampur,25.9256,84.7468
Karnataka,Itiki,14.951,76.0944
Bihar,Barnaon,25.4809,84.525
Andhra Pradesh,Pedda Tumbalam,15.6328,77.1036
Telangana,Ganaram,18.5275,78.245
Punjab,Algun,31.2795,74.6517
West Bengal,Samalpur,25.1961,88.0419
Andhra Pradesh,Gandikunta,16.1693,80.9443
Andhra Pradesh,Bendapudi,17.2673,82.3758
Andhra Pradesh,Katteragandla,15.0091,78.9584
Andhra Pradesh,Sitanagaram,16.2396,80.5855
Madhya Pradesh,Ratangarh,24.8167,75.1167
Gujarat,Matar,21.726,73.0251
West Bengal,Ahmadpur,23.8365,87.6912
Uttarakhand,Harbatpur,30.45,77.73
West Bengal,Chunakhali,22.301,88.7951
Bihar,Madhopur,26.7474,84.7054
West Bengal,Iarpur,22.2998,88.2994
Bihar,Raipur Buzurg,25.7118,85.6956
Telangana,Mamidipalli,17.2516,78.4521
Madhya Pradesh,Aranya Kalan,23.2448,76.7435
Andhra Pradesh,Nutakki,16.4139,80.6506
Bihar,Kahla,26.3747,84.5433
Bihar,Sandalpur,25.5639,87.5082
Bihar,Karsaut,26.1298,84.4825
Tamil Nadu,Vallapuram,11.4,78.88
Andhra Pradesh,Kondrukota,17.3477,81.6041
Tamil Nadu,Vaikuntam,11.5197,77.9398
Karnataka,Kaujalgi,16.14,74.81
Tamil Nadu,Kondayampalaiyam,11.513,77.4371
Telangana,Jajireddigudem,17.3278,79.5711
Andhra Pradesh,Gudimulakhandrika,16.382,81.7335
Madhya Pradesh,Gandhwani,22.34,75.0048
Andhra Pradesh,Vallahbhapuram,16.3528,80.7175
Karnataka,Badagabettu,13.3335,74.7999
Bihar,Gangaura Behra,25.9541,86.5482
Rajasthan,Badnor,25.8355,74.2775
Bihar,Nonea,26.9746,84.8768
Bihar,Saraunja,25.769,86.5273
Tamil Nadu,Kandiyankovil,11.0147,77.4695
Tamil Nadu,Ottapparai,11.1936,77.5964
Tamil Nadu,Swamimalai,10.9575,79.3293
Telangana,Ghattupal,17.0725,78.9239
Bihar,Kharika,25.7173,85.1256
Tamil Nadu,Kodakkal,13.0685,79.4149
Kerala,Kannavam,11.8333,75.6667
Tamil Nadu,Pudukkottai,10.6118,78.0505
Tamil Nadu,Jambukuttaippatti,12.3246,78.3443
Tamil Nadu,Chokkalingapuram,10.193,78.3973
Karnataka,Badanahatti,15.3176,76.8258
Madhya Pradesh,Dhamnod,23.4421,74.9744
Tamil Nadu,Vadavalam,10.4286,78.8913
Tamil Nadu,Irungalur,10.9399,78.7619
Karnataka,Mudhol,15.6406,75.9531
Kerala,Gothurutha,10.1862,76.2013
Tamil Nadu,Ramayipatti,11.472,78.2109
Bihar,Laheji,26.0957,84.4009
Telangana,Damargidda,16.8189,77.5031
Bihar,Jamhra,25.7777,86.7899
Madhya Pradesh,Susari,22.1797,74.7577
Telangana,Valkurti,18.7171,79.3823
Karnataka,Kodigenahalli,13.7214,77.3863
Gujarat,Muli,22.6388,71.458
Karnataka,Shirguppi,16.72,75.06
Jharkhand,Chalkari,23.758,85.954
Bihar,Jogaili,25.9096,87.4061
Telangana,Mamidipalli,18.7772,78.2962
Andhra Pradesh,Chikkala,16.9698,81.5922
Bihar,Sewa,24.8753,86.3257
Tamil Nadu,Jagannadapuram,13.2745,80.1802
Punjab,Himmatpura,30.5271,75.3627
Bihar,Rajepur,25.5377,85.6228
Tamil Nadu,Sukkampatti,10.5267,78.1728
Karnataka,Hirehalli,14.5255,76.6634
Bihar,Harpur Bhindi,25.7746,85.6563
Tamil Nadu,Madepalli,12.5491,78.34
Tamil Nadu,Nelali,10.9282,77.4832
Bihar,Budhma,25.6451,86.8317
Tamil Nadu,Gudalur,10.7898,78.1285
Bihar,Bangaon,26.3081,87.8833
Karnataka,Dommasandra,12.8781,77.7543
Bihar,Op,25.2092,85.3019
Bihar,Banbhag,25.7919,87.414
Bihar,Bariariya Tola Rajpur,26.4567,84.7043
Karnataka,Halgeri,14.5551,75.6099
Jammu and Kashmir,Sungal,32.9392,74.6935
Kerala,Pilikodu,12.1903,75.1667
Punjab,Fateh Nangal,31.9453,75.3191
Andhra Pradesh,Morubagalu,13.9702,77.0411
Kerala,Anjur,10.5992,76.1553
Karnataka,Narayanpur,17.8589,76.9733
Karnataka,Belakvadi,12.255,77.1225
Andhra Pradesh,Chinnayagudem,17.047,81.481
Andhra Pradesh,Konduru,16.678,80.573
Bihar,Sansa,25.0291,84.4597
Andhra Pradesh,Mangasamudram,13.2291,79.0909
Bihar,Kaithahi,26.3488,86.1521
Bihar,Damu,26.5461,85.982
Bihar,Sibkund,25.3041,86.399
Tamil Nadu,Nerinjippettai,11.6543,77.7586
Bihar,Dihri,25.3796,85.5376
Bihar,Bhargaon,26.075,87.1483
Bihar,Malingaon,26.356,87.9614
Telangana,Yenmangandla,16.8839,78.0332
Andhra Pradesh,Govindapalle,15.3525,78.5224
West Bengal,Basudebpur,21.8256,87.619
Bihar,Mokri,25.0184,83.5633
Bihar,Raipur,25.4226,86.8498
Andhra Pradesh,Chitrada,17.0802,82.2469
Tamil Nadu,Nandiyalam,12.9237,79.2635
Andhra Pradesh,Tettu,13.6275,78.4322
Bihar,Bamaiya Harlal,25.6664,85.8802
Kerala,Killimangalam,10.7167,76.35
Karnataka,Kongnolli,16.42,74.58
Karnataka,Alawandi,15.2303,75.9801
Karnataka,Kaglipur,12.8006,77.5082
Telangana,Koheda,18.1709,79.0934
West Bengal,Phagu,26.95,88.7
Uttar Pradesh,Sihali Jagir,28.7997,78.2628
Karnataka,Kuduru,13.111,77.1479
Bihar,Dumri,26.8648,84.3767
Tamil Nadu,Pattiswaram,10.9253,79.3424
Telangana,Miryal,17.5661,78.8095
Tamil Nadu,Odayarpatti,11.6663,78.2144
Madhya Pradesh,Prabhat Pattan,21.6407,78.2722
Bihar,Uchti,25.9197,86.2544
Bihar,Satghara,26.3977,86.1678
West Bengal,Tekpanja,22.2086,88.3122
Andhra Pradesh,Govindapuram,16.1548,80.1027
Madhya Pradesh,Kod,22.885,75.1862
Andhra Pradesh,Kottapalem,17.436,82.495
Uttar Pradesh,Chaukhata,25.0247,81.7375
Bihar,Datian,25.4379,87.8378
West Bengal,Gok,27.1065,88.2459
Madhya Pradesh,Ambara,22.1902,78.6708
Jammu and Kashmir,Sogam,34.5014,74.3823
Bihar,Kenar,25.2916,85.7416
Andhra Pradesh,Davuluru,16.2625,80.7436
Bihar,Koila Belwa,26.3753,84.9986
Telangana,Yeldurti,17.9074,78.3721
Bihar,Dasaut,25.8997,86.0964
Madhya Pradesh,Umreth,22.1262,78.7149
Jammu and Kashmir,Hokur Badasgom,33.6503,75.2359
Jammu and Kashmir,Haripura,34.0601,74.7125
Bihar,Bimawan,25.5111,84.4946
Tamil Nadu,Olalapadi,10.7979,76.8923
Bihar,Mauji,25.6585,86.2313
Bihar,Majhaulia,25.9635,85.5738
Tamil Nadu,Periyamuttur,12.463,78.1969
Bihar,Hussepur,26.1801,84.9408
West Bengal,Daita,24.3497,87.9342
Tamil Nadu,Velampatti,10.2311,78.2294
Uttarakhand,Bageshwar,29.838,79.771
Tamil Nadu,Andiyappanur,12.5342,78.7024
Bihar,Mirzanagar,25.7726,85.3804
Andhra Pradesh,Kanasanapalle,16.5227,80.7772
Bihar,Gurmia,25.819,85.2295
Bihar,Jamunia,25.3676,87.0477
Bihar,Suganwan,25.1176,85.0022
Telangana,Pedda Mupparam,17.4792,79.6817
Jharkhand,Marai Kalan,24.0211,85.3506
Karnataka,Hagaranahalli,12.3677,76.4173
Bihar,Fatehpur Bala,25.8338,85.6928
Andhra Pradesh,Viravada,17.1194,82.211
Bihar,Gidha,26.0507,86.8176
Karnataka,Ghat Borul,17.77,77.14
Bihar,Alampur,24.8721,83.8829
West Bengal,Chandpur,22.4368,88.1711
Tamil Nadu,Puttai,11.8957,78.8874
Andhra Pradesh,Venkatadripalem,16.0506,79.217
Bihar,Sarauni,24.8613,85.8712
Bihar,Saraiya,24.8012,84.0816
Andhra Pradesh,Uppugunduru,15.673,80.167
Madhya Pradesh,Tala,24.3735,81.1989
Assam,Udarband,24.8698,92.8694
Kerala,Ayanikkad,10.458,76.126
Punjab,Manoke,30.675,75.456
Telangana,Mamnur,17.9092,79.5926
West Bengal,Khasbalanda,22.5881,88.6887
Odisha,Janhapara,21.339,83.731
Rajasthan,Warkan,25.0331,72.6862
Rajasthan,Dadrewa,28.6728,75.2328
Telangana,Charakunda,16.6916,78.7054
Bihar,Tajpur,25.9022,84.5055
Bihar,Gohi Bishunpur,25.9275,85.8626
Uttar Pradesh,Dharampur,25.2417,82.2331
Andhra Pradesh,Kurichedu,15.9,79.5833
Telangana,Kannal,18.6938,79.4288
Bihar,Rampur Khajuriya,26.3923,84.7688
West Bengal,Sahapur,22.52,88.17
Rajasthan,Nadol,25.367,73.45
Madhya Pradesh,Kaniwara,22.2145,79.7366
Bihar,Mali,25.6549,86.7275
Madhya Pradesh,Moman Barodiya,23.6042,76.3364
Madhya Pradesh,Babai Kalan,22.8313,78.6774
Bihar,Lakhna,25.8865,87.6001
Bihar,Dhauni,24.9901,87.0011
Bihar,Madhurapur,25.9456,85.9759
Bihar,Basdeopur,25.3909,86.6821
Karnataka,Hatti Mattur,14.9435,75.4239
Telangana,Narsingi,18.0446,78.4254
West Bengal,Harua,24.5257,87.9898
Assam,Moranha,27.1874,94.9156
Karnataka,Mishrikot,15.2465,75.0567
Tamil Nadu,Kambaneri Pudukkudi,9.0685,77.3795
Andhra Pradesh,Madhavaram,16.89,81.5937
Andhra Pradesh,Jangalapalli,14.4818,79.8906
Punjab,Urpaar,31.0537,75.9652
Uttar Pradesh,Lohara,29.1667,77.2167
Rajasthan,Rohera,24.6102,72.964
Gujarat,Ugamedi,22.001,71.6481
Gujarat,Tikar,23.15,71.1
Bihar,Patut,25.4658,84.814
Bihar,Hetanpur,25.5821,85.5495
Andhra Pradesh,Kalicherla,13.8833,78.5333
Bihar,Dholbaja,26.2674,87.2761
Andhra Pradesh,Hirehaluhosahalli,15.0105,76.836
Madhya Pradesh,Rajod,22.9501,75.064
Andhra Pradesh,Panasapadu,17.0185,82.2349
Andhra Pradesh,Settivaripalle,14.7543,78.7649
Andhra Pradesh,Peddannavaripalle,14.2535,78.3384
Tamil Nadu,Devanangurichchi,11.3895,77.8547
Jharkhand,Kandra,22.8517,86.0519
Andhra Pradesh,Gudluru,15.0667,79.9
Kerala,Chundale,11.5739,76.0578
Telangana,Kanchanpalli,17.7427,79.3128
Andhra Pradesh,Telaprolu,16.586,80.89
Tamil Nadu,Seydunganallur,8.6624,77.8293
Bihar,Khiriawan,25.112,84.4017
Andhra Pradesh,Kattamuru,17.08,82.13
Andhra Pradesh,Hosuru,15.3797,77.4598
Karnataka,Sanganakallu,15.1847,76.9703
Kerala,Pulimakkal,9.65,76.7167
Telangana,Pedda Pendyala,17.923,79.4085
Andhra Pradesh,Ponnada,18.2536,83.9012
Bihar,Bhirua,25.8509,86.3319
West Bengal,Barwan,23.9379,87.935
Andhra Pradesh,Yekambarakuppam,13.3168,79.5678
Maharashtra,Talevad,17.17,75.96
Bihar,Mahamda,25.8108,84.7874
Bihar,Pararia,25.6492,86.7501
Bihar,Lolokhur,26.4136,87.4012
Jharkhand,Kharsawan,22.7909,85.831
Karnataka,Mudgere,13.137,75.606
Tamil Nadu,Tovala,8.2312,77.506
Andhra Pradesh,Unagatla,16.9611,81.661
Bihar,Sarenja,25.4449,83.8942
Andhra Pradesh,Gazulapalle,15.4036,78.6176
Madhya Pradesh,Sanchi,23.4865,77.7378
Andhra Pradesh,Bayyavaram,17.6638,82.942
Bihar,Kusmaul,26.1911,87.1311
Karnataka,Karadge,16.42,74.58
Bihar,Phulhara,25.8937,86.13
Tamil Nadu,Vanavasi,11.7523,77.8779
Bihar,Sambhu Chak,26.4081,84.9227
Delhi,Bawana,28.762,77.063
Punjab,Baba Bakala,31.555,75.2656
Madhya Pradesh,Bhelsi,24.7866,79.1281
Bihar,Jasauli Patti,26.4912,84.8818
Tamil Nadu,Dalavaypattanam,10.6747,77.4845
Jammu and Kashmir,Ramnagar,32.8073,75.3112
Andhra Pradesh,Chitvel,14.1667,79.3333
Telangana,Munagala,17.05,79.8333
Goa,Corgao,15.7096,73.7497
Tamil Nadu,Bikkatti,11.3741,76.7513
Tamil Nadu,Esanai,11.3004,78.8314
West Bengal,Malior,25.39,87.8473
Andhra Pradesh,Kotabommali,18.5333,84.1667
Telangana,Yellanda,17.7929,79.5912
Jharkhand,Borio,25.0344,87.5925
Bihar,Nawada,25.5037,85.7325
Bihar,Ramgarha,25.7983,84.9592
Karnataka,Belma,12.87,74.84
Karnataka,Sampgaon,15.79,74.75
Bihar,Khagaur,25.1744,86.1021
Tamil Nadu,Chinna Kalaiyamputtur,10.4714,77.4657
Andhra Pradesh,Guttikonda,16.43,79.834
Andhra Pradesh,Kovvali,16.7333,81.1667
Madhya Pradesh,Balvadi,21.4412,75.223
Tamil Nadu,Cholavaram,13.2389,80.1627
Tamil Nadu,Ramapattanam,10.7106,76.9183
Bihar,Mangalpur Gudaria,26.6513,84.4832
Tamil Nadu,Nanguneri,8.4906,77.6588
Bihar,Maldah,25.174,85.7599
Bihar,Khoragachhi,26.3344,87.5411
Odisha,Barhagarh,19.645,84.4079
Telangana,Penaballi,17.2103,80.6978
Tamil Nadu,Kilankundal,10.7543,77.7269
Bihar,Dumri,25.8605,84.5512
Tamil Nadu,Periyapodu,10.6099,76.8786
Tamil Nadu,Kodikkulam,9.9811,78.2121
Tamil Nadu,Segarai,10.73,79.5111
Bihar,Basaha,26.1329,86.748
Andhra Pradesh,Channubanda,17.0331,80.8056
West Bengal,Ayas,24.2508,87.7784
Kerala,Enkakad,10.65,76.25
Bihar,Bhadwar,25.5576,84.7559
Andhra Pradesh,Lakhanapuram,18.7504,83.5534
Telangana,Potangal,18.5661,77.7742
Tamil Nadu,Tullukuttinayakkanur,9.8149,77.6808
Tamil Nadu,Vadasikarambattu,11.6446,79.6882
Bihar,Karor,25.6018,86.093
Tamil Nadu,Punjai Lakkapuram,11.305,77.7554
Jammu and Kashmir,Kishtwar,33.3135,75.7673
Telangana,Maddur,16.8602,77.6121
Manipur,Wabagai,24.5309,93.9376
Bihar,Kanhauli,26.4815,86.1876
Telangana,Tummalacheruvu,17.7667,80.8
Madhya Pradesh,Allahpur,26.3434,77.8195
Bihar,Barhauna,25.304,85.4216
Tamil Nadu,Melpanaikkadu,10.2599,79.1169
Punjab,Tharike,30.8758,75.7756
Bihar,Rewahi,26.2698,87.2124
Tamil Nadu,Palangavangudi,10.7244,78.8108
Bihar,Majhariya Sheikh,26.7356,84.642
Tamil Nadu,Kurichchi,11.7276,78.4102
Andhra Pradesh,Polakala,13.3458,78.8167
West Bengal,Makaya,25.271,87.8897
Bihar,Gurmaila,25.4829,87.349
Tamil Nadu,Alwa Tirunagari,8.61,77.94
Bihar,Khem Karan Saray,25.1233,84.8117
Jharkhand,Balumath,23.8298,84.7888
Bihar,Nanan,25.0905,85.5031
Bihar,Bhagatpur,25.4098,86.3076
Telangana,Padakanti,18.6942,78.2842
Madhya Pradesh,Kharsod B,23.2225,75.386
Telangana,Mosrah,18.6155,77.9718
Uttar Pradesh,Khandrauli,29.3888,77.2793
Bihar,Bhataulia,26.4771,84.7789
Andhra Pradesh,Agadallanka,16.7123,81.2732
Bihar,Ghorbanki,26.5697,86.0484
Telangana,Mallaram,18.754,78.112
Andhra Pradesh,Gangapatnam,14.5237,80.1521
Bihar,Dara,26.1546,86.4483
Tamil Nadu,Kambur,10.1599,78.3264
Bihar,Golakpur,25.1777,85.0728
Kerala,Chiranellur,10.6344,76.1378
Karnataka,Ainapur,16.48,74.78
Bihar,Katahra,26.2235,87.0643
West Bengal,Kanakpur,24.4976,88.0361
Bihar,Ratanpur,26.5091,85.1259
Kerala,Mannamangalam,10.4944,76.3361
Kerala,Muriyad,10.3667,76.2667
Andhra Pradesh,Pullalacheruvu,16.1589,79.3986
Telangana,Sirikonda,17.1667,79.7
Bihar,Jogiara,26.4083,85.75
Uttar Pradesh,Gondauli,27.83,77.88
Tamil Nadu,Vannikkonendal,8.9959,77.6245
Rajasthan,Reni,27.161,76.713
Assam,Amtala,26.1,91.39
Karnataka,Sulahpet,17.4014,77.3472
Tamil Nadu,Mandalavadi,12.6073,78.6055
Bihar,Sakaddi,25.5771,84.7554
Bihar,Keora,25.4374,85.0726
Andhra Pradesh,Kadiyadda,16.8774,81.5149
Jharkhand,Khetko,23.7554,85.9122
Bihar,Shankarpur,26.1821,87.1552
Jammu and Kashmir,Malangam,34.4383,74.5575
Haryana,Jaimalpura,28.9619,75.9569
Bihar,Karariya,26.5249,84.791
Tamil Nadu,Tirumalaippatti,11.3353,78.2194
Rajasthan,Sewari,25.1,73.283
Karnataka,Kalkuni,14.6,74.8333
Andhra Pradesh,Duvvuru,14.5507,79.8331
Telangana,Nimmekal,17.2372,79.6633
Telangana,Nellutla,17.7034,79.1956
Tamil Nadu,Pallippatti,11.8722,77.897
Telangana,Madnur,18.5,77.6333
Bihar,Chak Habib,25.7238,85.8789
Andhra Pradesh,Vinjam,13.2544,79.263
Telangana,Timmapuram,17.1036,81.0781
Tamil Nadu,Madanancheri,12.7034,78.5991
Bihar,Sanwas,25.1795,85.7148
Jammu and Kashmir,Birpur,32.6617,74.9518
Punjab,Ablu,30.3391,74.7879
Bihar,Tamganj,26.2478,87.1569
Andhra Pradesh,Hamsavaram,17.2938,82.4942
Karnataka,Mahagaon,17.5211,76.915
Bihar,Satwar,26.2163,84.512
Bihar,Ramgarh,25.2889,83.6535
Andhra Pradesh,Jonnagiri,15.2303,77.5714
Bihar,Chakla Waini,25.9081,85.6836
Andhra Pradesh,Kodavatipudi,17.4887,82.6046
Andhra Pradesh,Valasa,14.1632,76.9469
Bihar,Kukraun,25.7647,87.1847
Bihar,Basmanpur,26.6433,84.9789
Tamil Nadu,Vadapalanji,9.9266,78.0096
Andhra Pradesh,Adigoppula,16.4402,79.6235
Madhya Pradesh,Rangvasa,22.6435,75.7886
West Bengal,Mansong,27.1628,88.5661
Bihar,Barun,24.8602,84.2232
Odisha,Sorala,19.1297,84.7506
West Bengal,Malipakar,25.3621,87.9144
Madhya Pradesh,Iklod,26.0222,77.3208
Telangana,Dhobipet,17.4716,78.087
Telangana,Ranjal,18.7458,77.9483
Tamil Nadu,Tillaivilagam,10.4127,79.5547
Bihar,Dehri,25.4252,83.8201
Andhra Pradesh,Penugolanu,16.9771,80.4369
Tamil Nadu,Vanduvancheri,10.4292,79.6498
Bihar,Madhuban,25.8838,86.8176
Tamil Nadu,Bommayapalaiyam,11.9922,79.8499
Odisha,Gopalpur,19.2586,84.9052
Telangana,Maisaram,17.1329,78.4367
Karnataka,Gudibanda,13.67,77.7
West Bengal,Baikunthapur,22.9808,88.2058
Bihar,Puraini,26.0607,87.0331
Andhra Pradesh,Gudivada,17.3974,82.7908
Bihar,Rautara,25.663,87.5378
Karnataka,Miyar,13.1945,75.0484
Tamil Nadu,Varatanapalli,12.5828,78.302
Punjab,Gholia Kalan,30.6726,75.18
Telangana,Khanapur,17.9004,79.9277
Bihar,Sowan,25.554,84.2334
Bihar,Madhubani,26.3272,87.016
Bihar,Dharawat,25.0592,85.042
Telangana,Garsekurti,18.5083,78.9774
Bihar,Bhasaula Danapur,25.5509,85.0308
Madhya Pradesh,Kampel,22.6167,76.05
Telangana,Bachchannapet,17.7883,79.0349
Karnataka,Yelandur,12.07,77.03
Tamil Nadu,Kunimedu,12.0885,79.894
Bihar,Bundehra,25.3776,86.7376
Tamil Nadu,Adiyakkamangalam,10.7626,79.6775
Madhya Pradesh,Deodora,22.6149,80.3616
Tamil Nadu,Somarasampettai,10.8125,78.6342
Maharashtra,Kusumbe,20.9167,74.65
Jharkhand,Paratdiha,24.1638,86.307
Jharkhand,Muturkha,24.1044,86.2855
Madhya Pradesh,Kirrayach,26.6322,78.3423
Bihar,Hirni,25.8323,86.2806
Telangana,Chinna Mupparam,17.6319,79.8411
Andhra Pradesh,Sriramapuram,16.18,80.29
Bihar,Hardiya,25.5301,84.4961
West Bengal,Amtala,22.3669,88.2777
Andhra Pradesh,Idupugallu,16.4609,80.7543
Bihar,Rampatti,26.3333,86.15
Andhra Pradesh,Vidapanakallu,15.0667,77.1833
Tamil Nadu,Abiramam,9.4423,78.4399
Andhra Pradesh,Zulakallu,16.4442,79.7874
Tamil Nadu,Pukkulam,9.277,78.9938
Maharashtra,Rani Sawargaon,18.9655,76.7493
Andhra Pradesh,Hiramandalam,18.6708,83.9505
Tamil Nadu,Damal,12.886,79.5922
Tamil Nadu,Budamangalam,12.3792,79.2308
Tamil Nadu,Angichettippalaiyam,11.7742,79.5255
Andhra Pradesh,Pasivedalajimma,16.9952,81.7
Karnataka,Tilvalli,14.6268,75.231
Bihar,Sanrha,25.7979,84.7504
Madhya Pradesh,Jabera,23.5582,79.678
Madhya Pradesh,Ranod,25.0748,77.8761
Tamil Nadu,Kanavaypudur,11.9282,78.1832
Bihar,Rahta,25.9213,86.9734
Bihar,Pararia,26.34,87.5896
Andhra Pradesh,Teranikallu,15.6392,77.5303
Bihar,Dhanauli,26.0026,86.0251
Tamil Nadu,Pullanvidudi,10.359,79.088
Tamil Nadu,Vadakadu,10.3418,79.0609
Bihar,Hakka,25.9163,87.6474
Andhra Pradesh,Pedda Nindrakolanu,16.7342,81.3941
Andhra Pradesh,Rudravaram,15.266,78.628
Bihar,Sanjat,25.6046,86.0199
Andhra Pradesh,Malaimarpuram,14.2096,79.3072
Haryana,Mirchpur,29.316,76.1755
Bihar,Bhui,25.0894,85.3888
Bihar,Ekangar Sarai,25.2234,85.2298
Tamil Nadu,Velakalnattam,12.5505,78.4429
Jharkhand,Bharno,23.2204,84.8891
Telangana,Gundumal,16.8939,77.7112
Tamil Nadu,Karuveppampatti,11.3983,77.8746
West Bengal,Satgachia,23.2641,88.16
Maharashtra,Jalalkhera,21.4392,78.7719
Bihar,Majra,25.7131,87.3637
Tamil Nadu,Nagaiyampatti,11.4639,78.4801
Jammu and Kashmir,Tsrar Sharif,33.8632,74.7652
Andhra Pradesh,Pendekallu,15.3753,77.6242
Karnataka,Narona,17.5156,76.7182
Telangana,Ragampet,18.6383,79.1441
Andhra Pradesh,Pillutla,16.539,79.9044
Andhra Pradesh,Virapalle,14.1556,78.8569
Tamil Nadu,Navappatti,11.7393,77.7836
Tamil Nadu,Punnappatti,10.2243,78.1982
Punjab,Akalgarh,30.8019,75.8582
Andhra Pradesh,Angallu,13.6287,78.4857
Bihar,Barbana,26.0719,87.2539
Andhra Pradesh,Bommagondanahalli,13.8984,77.0733
Bihar,Azizpur Chande,25.7932,85.5945
Rajasthan,Uchen,27.0931,77.4097
Bihar,Bishunpur,25.5665,87.4435
Bihar,Sohta,26.2149,87.0826
Uttarakhand,Doiwala,30.176,78.124
West Bengal,Gangajalghati,23.42,87.12
Karnataka,Bhanuvalli,14.4333,75.7667
Jammu and Kashmir,Janglot,32.4353,75.5231
Jharkhand,Sini,22.7933,85.9454
Andhra Pradesh,Koppunur,16.4867,79.3318
Tamil Nadu,Vadacheri,10.7324,78.5261
Goa,Raia,15.4969,73.8089
Tamil Nadu,Pulivalam,10.7525,79.6352
Madhya Pradesh,Tonk Khurd,23.0983,76.2155
Kerala,Karadipara,10.55,76.5833
Bihar,Pokhraira,26.0711,85.2034
Tamil Nadu,Pappakudi,8.752,77.5026
Tamil Nadu,Nattarasankottai,9.869,78.5531
Telangana,Indurti,17.0055,78.9054
Telangana,Mirdoddi,18.0786,78.677
Bihar,Dharhwa,26.9104,84.2769
Bihar,Gadaul,26.1287,86.2375
Bihar,Katridih,25.0829,85.6334
Kerala,Painkulam,10.7375,76.3125
Tamil Nadu,Koshanam,11.3701,77.3523
Bihar,Murajpur,25.9506,86.4713
Karnataka,Bagalvad,16.0528,76.8877
Bihar,Gobindpur,24.782,85.6943
Andhra Pradesh,Kambhampadu,16.9853,80.6534
Andhra Pradesh,Pyalakurti,15.7286,77.8168
Bihar,Kursaha,25.5588,85.6875
Tamil Nadu,Suttamalli,8.6987,77.6323
Andhra Pradesh,Rompicherla,13.7228,79.0542
Tamil Nadu,Kottur,9.9038,77.4071
West Bengal,Kalinagar,22.4219,88.8695
Bihar,Chakand,24.8907,84.9761
Andhra Pradesh,Guntapalli,14.7385,79.04
Punjab,Herseh Chhina,31.7453,74.783
Bihar,Bhatkhori,25.9156,86.9072
Bihar,Parasbani,25.8249,87.2983
Bihar,Amiawar,25.0405,84.3096
West Bengal,Jujharpur,25.7514,87.9634
Telangana,Mustafabad,18.2787,78.7108
Bihar,Pathraha,26.433,87.0743
Punjab,Harike,31.1663,74.9418
Andhra Pradesh,Chintakommadinne,14.4267,78.7618
Bihar,Nagdah,26.25,86
Tamil Nadu,Tumberi,12.6986,78.5856
Telangana,Dilawarpur,19.0908,78.2275
Karnataka,Belhatti,15.0818,75.6465
Tamil Nadu,Eduttavaynattam,11.8057,78.827
Bihar,Bikrampur Bande,25.8415,85.7424
Bihar,Chak Pahar,25.7986,85.6218
Bihar,Onda,25.2452,85.665
Jammu and Kashmir,Salar,33.8789,75.2485
Bihar,Thathupur,25.9731,86.0296
Andhra Pradesh,Vanukuru,16.4406,80.7379
Andhra Pradesh,Kottadindulu,16.3518,81.5915
Odisha,Bishamagiri,19.3849,84.4715
Andhra Pradesh,Dirusumarru,16.4722,81.5295
Bihar,Nandnawan,25.0785,86.096
Madhya Pradesh,Sobhapur,22.7737,78.2638
Punjab,Kaoni,30.4,74.663
West Bengal,Mahadipur,24.8566,88.1248
Madhya Pradesh,Nayagaon,24.8015,80.8962
Bihar,Bisaul,26.6151,85.993
Bihar,Pinjranwan,25.1702,84.8203
Madhya Pradesh,Maina,23.1712,76.6629
Madhya Pradesh,Rangwasa,22.6419,75.7893
Bihar,Parsad,26.1586,86.3579
Tamil Nadu,Maddur,13.2397,79.5653
Andhra Pradesh,Tokatippa,16.2836,81.5024
Jharkhand,Ulatu,23.2766,85.5012
Bihar,Gokhulapur,26.2479,87.1137
Tamil Nadu,Kilakkurichchi,10.7645,78.7406
Tamil Nadu,Kattirippulam,10.464,79.7597
Bihar,Rajhanpur,25.7885,86.4647
Tamil Nadu,Midalam,8.206,77.216
Uttar Pradesh,Khandauli,27.3125,78.0289
Karnataka,Basrur,13.6308,74.7377
Telangana,Mannegudam,17.4601,79.9177
Tamil Nadu,Chettiyapatti,10.424,77.8228
Madhya Pradesh,Segaon,21.8585,75.3293
Jammu and Kashmir,Tarazu,34.2714,74.5009
Tamil Nadu,Panjampatti,10.3178,77.9263
Bihar,Hathiakan,25.606,84.9997
Telangana,Raiparthi,17.7042,79.6081
Karnataka,Hire Vadvatti,15.2235,75.7831
Bihar,Kanchanpur,25.6636,85.2703
Jammu and Kashmir,Magam,34.4595,74.2306
Bihar,Saidabad,25.5489,85.3087
Bihar,Chanp,26.1951,84.39
Madhya Pradesh,Manpur,22.4315,75.6211
Bihar,Pirojgarh,26.2769,86.4389
Karnataka,Antargangi,17.17,75.96
Chattisgarh,Kharod,21.75,82.57
Bihar,Teghra,26.4929,86.368
Andhra Pradesh,Achchampeta,17.0941,82.3099
Jammu and Kashmir,Khaur,32.8229,74.5112
Bihar,Pasaul,26.2647,85.6756
Jharkhand,Jainagar,24.3756,85.6443
Tamil Nadu,Silaiyampatti,9.8732,77.3927
Tamil Nadu,Kanavaypatti,10.1857,77.7347
Tamil Nadu,Mudichchur,12.911,80.0693
West Bengal,Shyamnagar,22.97,88.38
Goa,Velim,15.1644,73.9759
Jharkhand,Jagannathpur,22.2211,85.6392
Bihar,Hata,25.046,83.4632
Tamil Nadu,Balakrishnanpatti,11.2511,78.4736
Assam,Amingaon,26.23,91.67
Bihar,Pariyari,25.2128,84.7829
Bihar,Koila,25.455,86.771
Tamil Nadu,Kanyakulam,8.2012,77.4015
Andhra Pradesh,Amudalapalle,15.9301,80.6899
Maharashtra,Piliv,17.6788,74.9664
Telangana,Yellareddi,18.3746,78.6543
Telangana,Srirangapur,16.1917,78.0507
Andhra Pradesh,Anantasagaram,14.5833,79.4167
Tamil Nadu,Gundur,10.7339,78.7184
Jharkhand,Bargaon,23.1795,84.6991
Tamil Nadu,Pallappalaiyam,11.3891,77.6027
Bihar,Jagta,26.1321,87.1911
Andhra Pradesh,Bandamurlanka,16.517,81.988
West Bengal,Kaliganj,23.7348,88.2293
Karnataka,Hosuru,13.7399,77.4312
Jharkhand,Nunihat,24.4843,87.1323
Karnataka,Hale Dyamavvanahalli,14.2682,76.4904
Tamil Nadu,Virapperumanallur,11.7763,79.4466
Tamil Nadu,Nettadahalli,12.133,78.0671
Bihar,Rani Sagar,25.6079,84.3626
Kerala,Lalam,9.7167,76.7
Bihar,Charuanwan,25.1348,85.6812
Karnataka,Shiddapur,13.6903,74.9149
Bihar,Babhangaon,25.7897,86.9767
Punjab,Bundala,31.1333,75.65
Bihar,Gamail,25.7062,86.9914
Jharkhand,Landupdih,23.1478,85.7817
Andhra Pradesh,Dharmajigudem,16.54,81
Telangana,Navipet,18.8022,77.9836
Andhra Pradesh,Miduturu,15.7667,78.3
Andhra Pradesh,Chapalamadugu,16.073,79.3775
Punjab,Dala,30.7773,75.2494
Punjab,Raonta,30.5619,75.19
Bihar,Harewa,25.6831,86.5909
Bihar,Lohna,26.2314,86.2095
Tamil Nadu,Kodaimangalam,10.4733,77.507
Karnataka,Yaragol,16.9047,77.0661
Tamil Nadu,Modachchur,11.4415,77.4288
Bihar,Sakhua,26.1734,86.7624
Karnataka,Nesarg,15.9069,74.774
Tamil Nadu,Vairichettipalaiyam,11.2872,78.4893
Karnataka,Nulvi,15.2728,75.1673
Madhya Pradesh,Sukand,26.6444,78.4752
Tamil Nadu,Pattanam,10.9808,77.0542
Andhra Pradesh,Tadinada,16.547,81.3219
Telangana,Pata Uppal,18.1799,79.4762
Karnataka,Yamkanmardi,16.128,74.527
Tamil Nadu,Reddiyapatti,10.1581,78.1901
Andhra Pradesh,Kolumalapalle,15.4774,78.1293
Andhra Pradesh,Tsallagundla,16.3522,79.9619
Bihar,Puran Bigha,24.839,84.854
Andhra Pradesh,Kandanati,15.6997,77.4757
Punjab,Talwandi Chaudhrian,31.3,75.1764
Haryana,Nangal Chaudhri,27.8923,76.1122
Tamil Nadu,Talakulam,8.1824,77.3161
Bihar,Guria,26.1633,86.9645
Tamil Nadu,Karuppur,10.4918,78.3296
West Bengal,Dattapara,22.8491,88.9023
Karnataka,Mangala,11.9998,76.9594
Bihar,Banki,26.1497,86.3626
Goa,Poninguinim,14.9679,74.0865
Karnataka,Keregodu,12.6333,76.9167
Bihar,Khajuri,26.5216,84.3391
Bihar,Kasap,25.4702,84.6087
Madhya Pradesh,Phopnar Kalan,21.2365,76.3268
West Bengal,Nijgaon Paranpur,25.1559,87.9732
Bihar,Nawanagar,25.3861,84.2069
Punjab,Thandewala,30.472,74.5898
Bihar,Khutha Baijnath,26.0268,87.117
Tamil Nadu,Kandanur,10.1037,78.8254
Telangana,Medikunda,15.9581,77.6095
Tamil Nadu,Andanappettai,10.7498,79.8226
Tamil Nadu,Perungulam,8.6413,77.9985
Karnataka,Dodvad,15.79,74.75
Tamil Nadu,Silvarpatti,10.118,77.6241
Bihar,Hathapur,26.5609,86.0247
Bihar,Rampatti,26.0028,86.8014
Bihar,Sagarpur,26.2306,86.0732
Bihar,Darsur,25.9711,85.9148
Bihar,Kuchai Kot,26.5559,84.3292
Andhra Pradesh,Mandalapalle,14.0209,77.7511
Bihar,Pachrukhi,26.1593,84.4087
Andhra Pradesh,Repala,15,79.7
Andhra Pradesh,Pedda Penki,18.5853,83.5069
Tamil Nadu,Nottampatti,9.9772,77.7177
Tamil Nadu,Nalikkalpatti,11.6021,78.134
Madhya Pradesh,Chinaur,25.9467,78.1024
Andhra Pradesh,Munnelli,14.92,78.9546
Madhya Pradesh,Tarichar Kalan,25.4118,78.89
Rajasthan,Jaitpura,26.9231,75.808
Gujarat,Navsari,20.8504,72.92
Rajasthan,Tonk,26.1505,75.79
Karnataka,Hubli,15.355,75.1362
